ISO-10303-21;
HEADER;
FILE_DESCRIPTION (( 'STEP AP203' ),
    '1' );
FILE_NAME ('CUI_DEVICES_TS04-66-70-BK-100-SMT.step',
    '2024-05-13T16:04:09',
    ( '' ),
    ( '' ),
    'SwSTEP 2.0',
    'SolidWorks 2024',
    '' );
FILE_SCHEMA (( 'CONFIG_CONTROL_DESIGN' ));
ENDSEC;

DATA;
#1 = AXIS2_PLACEMENT_3D ( 'NONE', #636, #2558, #1733 ) ;
#2 = AXIS2_PLACEMENT_3D ( 'NONE', #3213, #8, #782 ) ;
#3 = LINE ( 'NONE', #2153, #1016 ) ;
#4 = EDGE_CURVE ( 'NONE', #3119, #3148, #2084, .T. ) ;
#5 = AXIS2_PLACEMENT_3D ( 'NONE', #506, #242, #1114 ) ;
#6 = ORIENTED_EDGE ( 'NONE', *, *, #2028, .T. ) ;
#7 = DIRECTION ( 'NONE',  ( 0.000000000000000000, -1.000000000000000000, 0.000000000000000000 ) ) ;
#8 = DIRECTION ( 'NONE',  ( 0.000000000000000000, -1.000000000000000000, 0.000000000000000000 ) ) ;
#9 = ADVANCED_FACE ( 'NONE', ( #1053 ), #2392, .F. ) ;
#10 = VERTEX_POINT ( 'NONE', #3237 ) ;
#11 = DIRECTION ( 'NONE',  ( -0.000000000000000000, 1.000000000000000000, 0.000000000000000000 ) ) ;
#12 = PLANE ( 'NONE',  #831 ) ;
#13 = ORIENTED_EDGE ( 'NONE', *, *, #1908, .T. ) ;
#14 = CARTESIAN_POINT ( 'NONE',  ( 0.1181102362204724532, 0.03149606299212598381, 0.1023622047244094613 ) ) ;
#15 = FACE_OUTER_BOUND ( 'NONE', #3436, .T. ) ;
#16 = LINE ( 'NONE', #1056, #2530 ) ;
#17 = EDGE_CURVE ( 'NONE', #2145, #59, #2700, .T. ) ;
#18 = LINE ( 'NONE', #575, #2885 ) ;
#19 = ORIENTED_EDGE ( 'NONE', *, *, #996, .T. ) ;
#20 = EDGE_CURVE ( 'NONE', #2878, #2853, #1313, .T. ) ;
#21 = CARTESIAN_POINT ( 'NONE',  ( 0.1181102362204724532, 0.03149606299212598381, -0.1023622047244094613 ) ) ;
#22 = DIRECTION ( 'NONE',  ( 0.000000000000000000, -1.000000000000000000, 0.000000000000000000 ) ) ;
#23 = ORIENTED_EDGE ( 'NONE', *, *, #630, .T. ) ;
#24 = ADVANCED_FACE ( 'NONE', ( #1024 ), #820, .F. ) ;
#25 = EDGE_CURVE ( 'NONE', #3148, #2754, #248, .T. ) ;
#26 = CARTESIAN_POINT ( 'NONE',  ( 0.000000000000000000, 0.000000000000000000, 0.000000000000000000 ) ) ;
#27 = LINE ( 'NONE', #3284, #549 ) ;
#28 = ORIENTED_EDGE ( 'NONE', *, *, #387, .T. ) ;
#29 = CARTESIAN_POINT ( 'NONE',  ( 0.08858267716535433989, 0.1377952755905511861, -0.07283464566929134798 ) ) ;
#30 = VECTOR ( 'NONE', #278, 39.37007874015748143 ) ;
#31 = CARTESIAN_POINT ( 'NONE',  ( -0.1614173228346456879, 0.007874015748031495954, -0.1023622047244094613 ) ) ;
#32 = CARTESIAN_POINT ( 'NONE',  ( 0.1968503937007874127, 0.003937007874015747977, -0.1023622047244094613 ) ) ;
#33 = DIRECTION ( 'NONE',  ( 0.000000000000000000, 0.000000000000000000, 1.000000000000000000 ) ) ;
#34 = LINE ( 'NONE', #2446, #2709 ) ;
#35 = SHAPE_DEFINITION_REPRESENTATION ( #2201, #3447 ) ;
#36 = CARTESIAN_POINT ( 'NONE',  ( -0.1181102362204724532, 0.000000000000000000, -0.1181102362204724532 ) ) ;
#37 = ORIENTED_EDGE ( 'NONE', *, *, #71, .F. ) ;
#38 = ORIENTED_EDGE ( 'NONE', *, *, #1165, .F. ) ;
#39 = AXIS2_PLACEMENT_3D ( 'NONE', #1737, #1775, #2016 ) ;
#40 = PLANE ( 'NONE',  #3045 ) ;
#41 = DIRECTION ( 'NONE',  ( 0.000000000000000000, -1.000000000000000000, 0.000000000000000000 ) ) ;
#42 = EDGE_LOOP ( 'NONE', ( #1779, #789, #2388, #2836 ) ) ;
#43 = EDGE_CURVE ( 'NONE', #3282, #2067, #2930, .T. ) ;
#44 = CIRCLE ( 'NONE', #2704, 0.01574803149606299191 ) ;
#45 = LINE ( 'NONE', #603, #1692 ) ;
#46 = VECTOR ( 'NONE', #768, 39.37007874015748143 ) ;
#47 = DIRECTION ( 'NONE',  ( 0.000000000000000000, -1.000000000000000000, 0.000000000000000000 ) ) ;
#48 = CARTESIAN_POINT ( 'NONE',  ( 0.1968503937007874127, -0.003937007874015747977, 0.07480314960629921850 ) ) ;
#49 = PLANE ( 'NONE',  #2032 ) ;
#50 = ORIENTED_EDGE ( 'NONE', *, *, #185, .F. ) ;
#51 = ADVANCED_FACE ( 'NONE', ( #3204 ), #806, .F. ) ;
#52 = AXIS2_PLACEMENT_3D ( 'NONE', #345, #2744, #2460 ) ;
#53 = LINE ( 'NONE', #1937, #1754 ) ;
#54 = AXIS2_PLACEMENT_3D ( 'NONE', #3032, #832, #2804 ) ;
#55 = CIRCLE ( 'NONE', #447, 0.01574803149606299885 ) ;
#56 = CC_DESIGN_PERSON_AND_ORGANIZATION_ASSIGNMENT ( #1562, #2142, ( #1222 ) ) ;
#57 = AXIS2_PLACEMENT_3D ( 'NONE', #425, #2595, #172 ) ;
#58 = CIRCLE ( 'NONE', #560, 0.01574803149606299885 ) ;
#59 = VERTEX_POINT ( 'NONE', #771 ) ;
#60 = ORIENTED_EDGE ( 'NONE', *, *, #2611, .F. ) ;
#61 = CARTESIAN_POINT ( 'NONE',  ( 0.1181102362204724532, 0.03937007874015747977, 0.07480314960629921850 ) ) ;
#62 = CARTESIAN_POINT ( 'NONE',  ( -0.1535433070866141780, 0.02755905511811023584, 0.1023622047244094613 ) ) ;
#63 = CARTESIAN_POINT ( 'NONE',  ( 0.1653543307086614567, 0.007874015748031495954, -0.07480314960629921850 ) ) ;
#64 = ORIENTED_EDGE ( 'NONE', *, *, #1410, .T. ) ;
#65 = EDGE_CURVE ( 'NONE', #1095, #2890, #2406, .T. ) ;
#66 = CARTESIAN_POINT ( 'NONE',  ( 0.1181102362204724532, 0.1299212598425196763, -0.1122047244094488277 ) ) ;
#67 = DIRECTION ( 'NONE',  ( 0.000000000000000000, 0.000000000000000000, 1.000000000000000000 ) ) ;
#68 = DIRECTION ( 'NONE',  ( 1.000000000000000000, 0.000000000000000000, 0.000000000000000000 ) ) ;
#69 = CYLINDRICAL_SURFACE ( 'NONE', #947, 0.003937007874015741038 ) ;
#70 = ORIENTED_EDGE ( 'NONE', *, *, #1703, .F. ) ;
#71 = EDGE_CURVE ( 'NONE', #2389, #690, #3495, .T. ) ;
#72 = UNCERTAINTY_MEASURE_WITH_UNIT (LENGTH_MEASURE( 1.000000000000000082E-05 ), #2865, 'distance_accuracy_value', 'NONE');
#73 = CARTESIAN_POINT ( 'NONE',  ( -0.08858267716535433989, 0.1299212598425196763, 0.07283464566929134798 ) ) ;
#74 = VERTEX_POINT ( 'NONE', #488 ) ;
#75 = ORIENTED_EDGE ( 'NONE', *, *, #1696, .F. ) ;
#76 = APPROVAL ( #564, 'UNSPECIFIED' ) ;
#77 = DIRECTION ( 'NONE',  ( 1.734723475976804925E-15, -1.000000000000000000, 0.000000000000000000 ) ) ;
#78 = CARTESIAN_POINT ( 'NONE',  ( 0.08858267716535433989, 0.1377952755905511861, 0.08858267716535433989 ) ) ;
#79 = LINE ( 'NONE', #1682, #440 ) ;
#80 = ORIENTED_EDGE ( 'NONE', *, *, #2819, .F. ) ;
#81 = CARTESIAN_POINT ( 'NONE',  ( -0.1181102362204724532, 0.1377952755905511861, 0.1122047244094488277 ) ) ;
#82 = CARTESIAN_POINT ( 'NONE',  ( 0.08858267716535433989, 0.1299212598425196763, 0.08858267716535433989 ) ) ;
#83 = DIRECTION ( 'NONE',  ( -1.000000000000000000, -1.016439536705159791E-16, 0.000000000000000000 ) ) ;
#84 = CARTESIAN_POINT ( 'NONE',  ( -0.1653543307086614567, 0.003937007874015747977, -0.1023622047244094613 ) ) ;
#85 = ORIENTED_EDGE ( 'NONE', *, *, #2784, .T. ) ;
#86 = CIRCLE ( 'NONE', #2579, 0.02362204724409448092 ) ;
#87 = DIRECTION ( 'NONE',  ( 0.000000000000000000, 0.000000000000000000, 1.000000000000000000 ) ) ;
#88 = EDGE_CURVE ( 'NONE', #333, #650, #753, .T. ) ;
#89 = ORIENTED_EDGE ( 'NONE', *, *, #1243, .F. ) ;
#90 = ORIENTED_EDGE ( 'NONE', *, *, #1874, .F. ) ;
#91 = ADVANCED_FACE ( 'NONE', ( #2421 ), #435, .T. ) ;
#92 = ORIENTED_EDGE ( 'NONE', *, *, #801, .F. ) ;
#93 = DIRECTION ( 'NONE',  ( 0.000000000000000000, 0.000000000000000000, 1.000000000000000000 ) ) ;
#94 = DIRECTION ( 'NONE',  ( 0.000000000000000000, -1.000000000000000000, 0.000000000000000000 ) ) ;
#95 = CARTESIAN_POINT ( 'NONE',  ( 0.08858267716535433989, 0.1456692913385826960, 0.08858267716535433989 ) ) ;
#96 = VERTEX_POINT ( 'NONE', #3487 ) ;
#97 = VECTOR ( 'NONE', #1430, 39.37007874015748143 ) ;
#98 = DIRECTION ( 'NONE',  ( 0.000000000000000000, -1.000000000000000000, 0.000000000000000000 ) ) ;
#99 = CARTESIAN_POINT ( 'NONE',  ( -0.08858267716535433989, 0.1456692913385826960, -0.06496062992125986590 ) ) ;
#100 = CARTESIAN_POINT ( 'NONE',  ( 0.1181102362204724532, 0.03937007874015747977, 0.1023622047244094613 ) ) ;
#101 = CARTESIAN_POINT ( 'NONE',  ( 0.1535433070866141780, 0.02755905511811023584, -0.1023622047244094613 ) ) ;
#102 = AXIS2_PLACEMENT_3D ( 'NONE', #399, #1741, #1254 ) ;
#103 = ORIENTED_EDGE ( 'NONE', *, *, #2496, .T. ) ;
#104 = AXIS2_PLACEMENT_3D ( 'NONE', #3216, #2440, #2956 ) ;
#105 = DIRECTION ( 'NONE',  ( 0.000000000000000000, 0.000000000000000000, 1.000000000000000000 ) ) ;
#106 = AXIS2_PLACEMENT_3D ( 'NONE', #2251, #2202, #2476 ) ;
#107 = AXIS2_PLACEMENT_3D ( 'NONE', #189, #154, #2880 ) ;
#108 = AXIS2_PLACEMENT_3D ( 'NONE', #436, #3345, #1494 ) ;
#109 = ORIENTED_EDGE ( 'NONE', *, *, #1661, .T. ) ;
#110 = EDGE_CURVE ( 'NONE', #3347, #469, #1911, .T. ) ;
#111 = ORIENTED_EDGE ( 'NONE', *, *, #576, .F. ) ;
#112 = VECTOR ( 'NONE', #1110, 39.37007874015748143 ) ;
#113 = EDGE_LOOP ( 'NONE', ( #1509, #3311, #3097, #3047 ) ) ;
#114 = AXIS2_PLACEMENT_3D ( 'NONE', #2711, #3193, #3209 ) ;
#115 = DIRECTION ( 'NONE',  ( 0.000000000000000000, 0.000000000000000000, 1.000000000000000000 ) ) ;
#116 = CARTESIAN_POINT ( 'NONE',  ( -0.08858267716535433989, 0.1377952755905511861, 0.08858267716535433989 ) ) ;
#117 = PLANE ( 'NONE',  #780 ) ;
#118 = VERTEX_POINT ( 'NONE', #2959 ) ;
#119 = CIRCLE ( 'NONE', #2721, 0.02362204724409448092 ) ;
#120 = ORIENTED_EDGE ( 'NONE', *, *, #359, .F. ) ;
#121 = CYLINDRICAL_SURFACE ( 'NONE', #2088, 0.005905511811023620231 ) ;
#122 = CARTESIAN_POINT ( 'NONE',  ( 0.08858267716535433989, 0.1377952755905511861, -0.08858267716535433989 ) ) ;
#123 = DIRECTION ( 'NONE',  ( 0.000000000000000000, 0.000000000000000000, -1.000000000000000000 ) ) ;
#124 = DIRECTION ( 'NONE',  ( 0.000000000000000000, 1.000000000000000000, 0.000000000000000000 ) ) ;
#125 = VERTEX_POINT ( 'NONE', #2705 ) ;
#126 = VERTEX_POINT ( 'NONE', #2988 ) ;
#127 = EDGE_CURVE ( 'NONE', #849, #161, #277, .T. ) ;
#129 = EDGE_CURVE ( 'NONE', #1838, #2389, #1999, .T. ) ;
#128 = EDGE_LOOP ( 'NONE', ( #1831, #2801, #2572, #830 ) ) ;
#130 = CARTESIAN_POINT ( 'NONE',  ( 0.08858267716535433989, 0.1456692913385826960, -0.1122047244094488277 ) ) ;
#131 = DIRECTION ( 'NONE',  ( 0.000000000000000000, 0.000000000000000000, -1.000000000000000000 ) ) ;
#132 = ORIENTED_EDGE ( 'NONE', *, *, #2625, .T. ) ;
#133 = ORIENTED_EDGE ( 'NONE', *, *, #1080, .F. ) ;
#134 = DIRECTION ( 'NONE',  ( 0.000000000000000000, 0.000000000000000000, -1.000000000000000000 ) ) ;
#135 = CARTESIAN_POINT ( 'NONE',  ( 0.1614173228346456879, 0.02755905511811023584, 0.1023622047244094613 ) ) ;
#136 = CARTESIAN_POINT ( 'NONE',  ( 0.1535433070866141780, 0.02755905511811023584, -0.07480314960629921850 ) ) ;
#137 = EDGE_LOOP ( 'NONE', ( #2939, #935, #583, #3471 ) ) ;
#138 = EDGE_CURVE ( 'NONE', #3294, #2013, #339, .T. ) ;
#139 = EDGE_CURVE ( 'NONE', #2239, #196, #3060, .T. ) ;
#140 = ORIENTED_EDGE ( 'NONE', *, *, #2250, .F. ) ;
#141 = DIRECTION ( 'NONE',  ( 0.000000000000000000, 0.000000000000000000, -1.000000000000000000 ) ) ;
#142 = CARTESIAN_POINT ( 'NONE',  ( 0.000000000000000000, 0.1299212598425196763, 0.000000000000000000 ) ) ;
#143 = PLANE ( 'NONE',  #2488 ) ;
#144 = DIRECTION ( 'NONE',  ( 0.000000000000000000, 0.000000000000000000, 1.000000000000000000 ) ) ;
#145 = EDGE_LOOP ( 'NONE', ( #1020, #3168 ) ) ;
#146 = VERTEX_POINT ( 'NONE', #3299 ) ;
#147 = EDGE_CURVE ( 'NONE', #849, #2657, #1138, .T. ) ;
#148 = ORIENTED_EDGE ( 'NONE', *, *, #1410, .F. ) ;
#149 = CARTESIAN_POINT ( 'NONE',  ( -0.1653543307086614567, 0.003937007874015747977, -0.1023622047244094613 ) ) ;
#150 = DIRECTION ( 'NONE',  ( 0.000000000000000000, 1.000000000000000000, 0.000000000000000000 ) ) ;
#151 = EDGE_LOOP ( 'NONE', ( #1941, #1571, #1273, #1387 ) ) ;
#152 = CIRCLE ( 'NONE', #3304, 0.01574803149606299191 ) ;
#153 = EDGE_LOOP ( 'NONE', ( #3210, #187, #2504, #1847 ) ) ;
#154 = DIRECTION ( 'NONE',  ( 0.000000000000000000, 0.000000000000000000, -1.000000000000000000 ) ) ;
#155 = DIRECTION ( 'NONE',  ( 0.000000000000000000, 0.000000000000000000, 1.000000000000000000 ) ) ;
#156 = PLANE ( 'NONE',  #1697 ) ;
#157 = CARTESIAN_POINT ( 'NONE',  ( 0.08858267716535433989, 0.1299212598425196763, -0.1043307086614173457 ) ) ;
#158 = CARTESIAN_POINT ( 'NONE',  ( -0.1968503937007874127, 0.003937007874015747977, 0.1023622047244094613 ) ) ;
#159 = CARTESIAN_POINT ( 'NONE',  ( -0.1614173228346456879, 0.007874015748031495954, 0.1023622047244094613 ) ) ;
#160 = DIRECTION ( 'NONE',  ( 0.000000000000000000, 1.000000000000000000, 0.000000000000000000 ) ) ;
#161 = VERTEX_POINT ( 'NONE', #2725 ) ;
#162 = ORIENTED_EDGE ( 'NONE', *, *, #1480, .T. ) ;
#163 = ORIENTED_EDGE ( 'NONE', *, *, #1084, .T. ) ;
#164 = PLANE ( 'NONE',  #2039 ) ;
#165 = EDGE_CURVE ( 'NONE', #2890, #2912, #1001, .T. ) ;
#166 = CARTESIAN_POINT ( 'NONE',  ( 0.1181102362204724532, 0.03937007874015747977, 0.1023622047244094613 ) ) ;
#167 = ORIENTED_EDGE ( 'NONE', *, *, #1278, .T. ) ;
#168 = VECTOR ( 'NONE', #507, 39.37007874015748143 ) ;
#169 = ORIENTED_EDGE ( 'NONE', *, *, #2685, .F. ) ;
#170 = AXIS2_PLACEMENT_3D ( 'NONE', #437, #953, #2049 ) ;
#171 = DIRECTION ( 'NONE',  ( 1.000000000000000000, 0.000000000000000000, 0.000000000000000000 ) ) ;
#172 = DIRECTION ( 'NONE',  ( 1.000000000000000000, 0.000000000000000000, 0.000000000000000000 ) ) ;
#173 = DIRECTION ( 'NONE',  ( 0.000000000000000000, 0.000000000000000000, 1.000000000000000000 ) ) ;
#174 = CIRCLE ( 'NONE', #2046, 0.003937007874015758385 ) ;
#175 = CIRCLE ( 'NONE', #2159, 0.06511592618195129190 ) ;
#176 = DIRECTION ( 'NONE',  ( 0.000000000000000000, 0.000000000000000000, 1.000000000000000000 ) ) ;
#177 = CARTESIAN_POINT ( 'NONE',  ( -0.08858267716535433989, 0.1377952755905511861, -0.08858267716535433989 ) ) ;
#178 = VERTEX_POINT ( 'NONE', #66 ) ;
#179 = VERTEX_POINT ( 'NONE', #1668 ) ;
#180 = CIRCLE ( 'NONE', #454, 0.07283464566929134798 ) ;
#181 = ADVANCED_FACE ( 'NONE', ( #3004 ), #1721, .T. ) ;
#182 = ORIENTED_EDGE ( 'NONE', *, *, #165, .F. ) ;
#183 = DIRECTION ( 'NONE',  ( 0.000000000000000000, -1.000000000000000000, 0.000000000000000000 ) ) ;
#184 = CARTESIAN_POINT ( 'NONE',  ( 0.1653543307086614567, 0.003937007874015747977, -0.1023622047244094613 ) ) ;
#185 = EDGE_CURVE ( 'NONE', #2145, #848, #2469, .T. ) ;
#186 = EDGE_CURVE ( 'NONE', #2174, #1289, #2456, .T. ) ;
#187 = ORIENTED_EDGE ( 'NONE', *, *, #3456, .F. ) ;
#188 = VERTEX_POINT ( 'NONE', #1395 ) ;
#189 = CARTESIAN_POINT ( 'NONE',  ( -0.1653543307086614567, 0.007874015748031495954, 0.07480314960629921850 ) ) ;
#190 = DIRECTION ( 'NONE',  ( 0.000000000000000000, 0.000000000000000000, 1.000000000000000000 ) ) ;
#191 = CARTESIAN_POINT ( 'NONE',  ( -0.1614173228346456879, 0.02755905511811023584, -0.1023622047244094613 ) ) ;
#192 = DIRECTION ( 'NONE',  ( 0.000000000000000000, 1.000000000000000000, 0.000000000000000000 ) ) ;
#193 = DIRECTION ( 'NONE',  ( 1.000000000000000000, 0.000000000000000000, 0.000000000000000000 ) ) ;
#194 = CARTESIAN_POINT ( 'NONE',  ( -0.1181102362204724532, 0.1377952755905511861, -0.1122047244094488277 ) ) ;
#195 = ORIENTED_EDGE ( 'NONE', *, *, #3171, .F. ) ;
#196 = VERTEX_POINT ( 'NONE', #2522 ) ;
#197 = ORIENTED_EDGE ( 'NONE', *, *, #260, .F. ) ;
#198 = FACE_OUTER_BOUND ( 'NONE', #1000, .T. ) ;
#199 = CARTESIAN_POINT ( 'NONE',  ( -0.1653543307086614567, 0.007874015748031495954, -0.1023622047244094613 ) ) ;
#200 = ORIENTED_EDGE ( 'NONE', *, *, #1260, .F. ) ;
#201 = ORIENTED_EDGE ( 'NONE', *, *, #634, .F. ) ;
#202 = AXIS2_PLACEMENT_3D ( 'NONE', #1377, #2217, #355 ) ;
#203 = CARTESIAN_POINT ( 'NONE',  ( -0.1496062992125984370, 0.03937007874015747977, 0.1023622047244094613 ) ) ;
#204 = DIRECTION ( 'NONE',  ( 1.734723475976804925E-15, -1.000000000000000000, 0.000000000000000000 ) ) ;
#205 = EDGE_CURVE ( 'NONE', #1616, #1920, #2194, .T. ) ;
#206 = LOCAL_TIME ( 16, 4, 9.000000000000000000, #1048 ) ;
#207 = LOCAL_TIME ( 16, 4, 9.000000000000000000, #1922 ) ;
#208 = PERSON_AND_ORGANIZATION ( #1504, #765 ) ;
#209 = CARTESIAN_POINT ( 'NONE',  ( -0.1653543307086614567, 0.007874015748031495954, -0.07480314960629921850 ) ) ;
#210 = DIRECTION ( 'NONE',  ( 0.000000000000000000, -1.000000000000000000, 0.000000000000000000 ) ) ;
#211 = ORIENTED_EDGE ( 'NONE', *, *, #1954, .F. ) ;
#212 = EDGE_LOOP ( 'NONE', ( #1234, #1007, #684, #632 ) ) ;
#213 = CARTESIAN_POINT ( 'NONE',  ( 0.1181102362204724532, 0.03937007874015747977, -0.07480314960629921850 ) ) ;
#214 = CYLINDRICAL_SURFACE ( 'NONE', #554, 0.01574803149606299191 ) ;
#215 = DIRECTION ( 'NONE',  ( -1.000000000000000000, 0.000000000000000000, 0.000000000000000000 ) ) ;
#216 = AXIS2_PLACEMENT_3D ( 'NONE', #2114, #261, #524 ) ;
#217 = ORIENTED_EDGE ( 'NONE', *, *, #1428, .F. ) ;
#218 = DIRECTION ( 'NONE',  ( 0.000000000000000000, -1.000000000000000000, 0.000000000000000000 ) ) ;
#219 = VECTOR ( 'NONE', #2493, 39.37007874015748143 ) ;
#220 = ORIENTED_EDGE ( 'NONE', *, *, #2819, .T. ) ;
#221 = EDGE_CURVE ( 'NONE', #1095, #188, #45, .T. ) ;
#222 = CARTESIAN_POINT ( 'NONE',  ( 0.000000000000000000, 0.2755905511811023723, 0.000000000000000000 ) ) ;
#223 = DIRECTION ( 'NONE',  ( 1.000000000000000000, 0.000000000000000000, 0.000000000000000000 ) ) ;
#224 = EDGE_CURVE ( 'NONE', #1423, #353, #2790, .T. ) ;
#225 = VECTOR ( 'NONE', #2033, 39.37007874015748143 ) ;
#226 = VECTOR ( 'NONE', #3206, 39.37007874015748143 ) ;
#227 = PLANE ( 'NONE',  #1306 ) ;
#228 = LINE ( 'NONE', #3484, #168 ) ;
#229 = ORIENTED_EDGE ( 'NONE', *, *, #362, .T. ) ;
#230 = ORIENTED_EDGE ( 'NONE', *, *, #1690, .F. ) ;
#231 = CIRCLE ( 'NONE', #331, 0.01181102362204724046 ) ;
#232 = DIRECTION ( 'NONE',  ( 0.000000000000000000, 1.000000000000000000, 0.000000000000000000 ) ) ;
#233 = LINE ( 'NONE', #1605, #2860 ) ;
#234 = FACE_OUTER_BOUND ( 'NONE', #2812, .T. ) ;
#235 = CARTESIAN_POINT ( 'NONE',  ( 0.1614173228346456879, 0.02755905511811023584, -0.07480314960629921850 ) ) ;
#236 = AXIS2_PLACEMENT_3D ( 'NONE', #534, #257, #1628 ) ;
#237 = DIRECTION ( 'NONE',  ( 0.000000000000000000, -1.000000000000000000, 0.000000000000000000 ) ) ;
#238 = ORIENTED_EDGE ( 'NONE', *, *, #2199, .T. ) ;
#239 = DIRECTION ( 'NONE',  ( -0.000000000000000000, -1.000000000000000000, -0.000000000000000000 ) ) ;
#240 = FACE_OUTER_BOUND ( 'NONE', #3103, .T. ) ;
#241 = APPROVAL_STATUS ( 'not_yet_approved' ) ;
#242 = DIRECTION ( 'NONE',  ( 0.000000000000000000, 0.000000000000000000, -1.000000000000000000 ) ) ;
#243 = CARTESIAN_POINT ( 'NONE',  ( 0.1122047244094488277, 0.1377952755905511861, -0.1181102362204724532 ) ) ;
#244 = ORIENTED_EDGE ( 'NONE', *, *, #2611, .T. ) ;
#245 = EDGE_LOOP ( 'NONE', ( #269, #2897, #3016, #1816 ) ) ;
#246 = ADVANCED_FACE ( 'NONE', ( #1962, #3267 ), #839, .F. ) ;
#247 = EDGE_CURVE ( 'NONE', #3148, #2079, #1685, .T. ) ;
#248 = LINE ( 'NONE', #2972, #2030 ) ;
#249 = DIRECTION ( 'NONE',  ( 0.000000000000000000, 0.000000000000000000, -1.000000000000000000 ) ) ;
#250 = DIRECTION ( 'NONE',  ( -1.000000000000000000, 0.000000000000000000, 0.000000000000000000 ) ) ;
#251 = DIRECTION ( 'NONE',  ( 0.000000000000000000, -1.000000000000000000, 0.000000000000000000 ) ) ;
#252 = EDGE_CURVE ( 'NONE', #3318, #1299, #1706, .T. ) ;
#253 = DIRECTION ( 'NONE',  ( -1.734723475976804925E-15, -1.000000000000000000, 0.000000000000000000 ) ) ;
#254 = VERTEX_POINT ( 'NONE', #854 ) ;
#255 = DIRECTION ( 'NONE',  ( 0.000000000000000000, 0.000000000000000000, 1.000000000000000000 ) ) ;
#256 = CARTESIAN_POINT ( 'NONE',  ( -0.1122047244094488277, 0.1299212598425196763, -0.1181102362204724532 ) ) ;
#257 = DIRECTION ( 'NONE',  ( 0.000000000000000000, 0.000000000000000000, 1.000000000000000000 ) ) ;
#258 = DIRECTION ( 'NONE',  ( 0.000000000000000000, 1.000000000000000000, 0.000000000000000000 ) ) ;
#259 = EDGE_LOOP ( 'NONE', ( #1111, #476 ) ) ;
#260 = EDGE_CURVE ( 'NONE', #1640, #1434, #1946, .T. ) ;
#261 = DIRECTION ( 'NONE',  ( 0.000000000000000000, 1.000000000000000000, 0.000000000000000000 ) ) ;
#262 = CARTESIAN_POINT ( 'NONE',  ( 0.1181102362204724532, 0.1299212598425196763, -0.1181102362204724532 ) ) ;
#263 = CARTESIAN_POINT ( 'NONE',  ( -0.1653543307086614567, 0.003937007874015747977, 0.1023622047244094613 ) ) ;
#264 = CYLINDRICAL_SURFACE ( 'NONE', #1186, 0.01574803149606299191 ) ;
#265 = VECTOR ( 'NONE', #1883, 39.37007874015748143 ) ;
#266 = VERTEX_POINT ( 'NONE', #354 ) ;
#267 = LINE ( 'NONE', #1576, #1445 ) ;
#268 = DIRECTION ( 'NONE',  ( 1.000000000000000000, 0.000000000000000000, 0.000000000000000000 ) ) ;
#269 = ORIENTED_EDGE ( 'NONE', *, *, #2692, .T. ) ;
#270 = CIRCLE ( 'NONE', #661, 0.01574803149606299191 ) ;
#271 = EDGE_CURVE ( 'NONE', #2323, #3119, #2505, .T. ) ;
#272 = FACE_OUTER_BOUND ( 'NONE', #1651, .T. ) ;
#273 = LINE ( 'NONE', #2402, #2817 ) ;
#274 = VERTEX_POINT ( 'NONE', #2489 ) ;
#275 = VECTOR ( 'NONE', #2074, 39.37007874015748143 ) ;
#276 = EDGE_CURVE ( 'NONE', #2912, #2360, #1155, .T. ) ;
#277 = LINE ( 'NONE', #213, #1803 ) ;
#278 = DIRECTION ( 'NONE',  ( 1.000000000000000000, -1.016439536705159791E-16, 0.000000000000000000 ) ) ;
#279 = CARTESIAN_POINT ( 'NONE',  ( -0.08858267716535433989, 0.1377952755905511861, 0.1043307086614173457 ) ) ;
#280 = VECTOR ( 'NONE', #2167, 39.37007874015748143 ) ;
#281 = EDGE_CURVE ( 'NONE', #562, #1044, #2808, .T. ) ;
#282 = DIRECTION ( 'NONE',  ( 0.000000000000000000, -1.000000000000000000, 0.000000000000000000 ) ) ;
#283 = EDGE_CURVE ( 'NONE', #2293, #848, #1584, .T. ) ;
#284 = AXIS2_PLACEMENT_3D ( 'NONE', #980, #398, #1287 ) ;
#285 = ORIENTED_EDGE ( 'NONE', *, *, #346, .F. ) ;
#286 = DIRECTION ( 'NONE',  ( 0.000000000000000000, 0.000000000000000000, 1.000000000000000000 ) ) ;
#287 = FACE_OUTER_BOUND ( 'NONE', #3473, .T. ) ;
#288 = ORIENTED_EDGE ( 'NONE', *, *, #2465, .T. ) ;
#289 = FACE_OUTER_BOUND ( 'NONE', #3354, .T. ) ;
#290 = SPHERICAL_SURFACE ( 'NONE', #2037, 0.03937007874015747977 ) ;
#291 = VERTEX_POINT ( 'NONE', #3090 ) ;
#292 = CARTESIAN_POINT ( 'NONE',  ( 0.1181102362204724532, 0.03937007874015747977, -0.07480314960629921850 ) ) ;
#293 = CARTESIAN_POINT ( 'NONE',  ( 0.1122047244094488277, 0.1299212598425196763, -0.1181102362204724532 ) ) ;
#294 = CYLINDRICAL_SURFACE ( 'NONE', #307, 0.005905511811023620231 ) ;
#295 = CARTESIAN_POINT ( 'NONE',  ( 0.1614173228346456879, 0.02755905511811023584, -0.1023622047244094613 ) ) ;
#296 = CARTESIAN_POINT ( 'NONE',  ( 0.08858267716535433989, 0.1456692913385826960, 0.08858267716535433989 ) ) ;
#297 = ORIENTED_EDGE ( 'NONE', *, *, #860, .F. ) ;
#298 = EDGE_CURVE ( 'NONE', #2907, #1496, #3211, .T. ) ;
#299 = DIRECTION ( 'NONE',  ( -1.734723475976804925E-15, 1.000000000000000000, 0.000000000000000000 ) ) ;
#300 = EDGE_LOOP ( 'NONE', ( #2487, #1761, #13, #975 ) ) ;
#301 = ORIENTED_EDGE ( 'NONE', *, *, #2976, .F. ) ;
#302 = EDGE_CURVE ( 'NONE', #2891, #1334, #941, .T. ) ;
#303 = CARTESIAN_POINT ( 'NONE',  ( -0.1535433070866141780, 0.02755905511811023584, -0.1023622047244094613 ) ) ;
#304 = CARTESIAN_POINT ( 'NONE',  ( -0.08858267716535433989, 0.1299212598425196763, -0.07283464566929134798 ) ) ;
#305 = ORIENTED_EDGE ( 'NONE', *, *, #1260, .T. ) ;
#306 = DIRECTION ( 'NONE',  ( -1.000000000000000000, 0.000000000000000000, 0.000000000000000000 ) ) ;
#307 = AXIS2_PLACEMENT_3D ( 'NONE', #792, #1633, #249 ) ;
#308 = DIRECTION ( 'NONE',  ( 0.000000000000000000, -1.000000000000000000, 0.000000000000000000 ) ) ;
#309 = CARTESIAN_POINT ( 'NONE',  ( 0.08858267716535433989, 0.1377952755905511861, -0.08858267716535433989 ) ) ;
#310 = DIRECTION ( 'NONE',  ( 1.000000000000000000, 0.000000000000000000, 0.000000000000000000 ) ) ;
#311 = ORIENTED_EDGE ( 'NONE', *, *, #3123, .F. ) ;
#312 = FACE_OUTER_BOUND ( 'NONE', #3493, .T. ) ;
#313 = ORIENTED_EDGE ( 'NONE', *, *, #2258, .F. ) ;
#314 = ORIENTED_EDGE ( 'NONE', *, *, #3011, .T. ) ;
#315 = ADVANCED_FACE ( 'NONE', ( #655 ), #121, .T. ) ;
#316 = FACE_OUTER_BOUND ( 'NONE', #1327, .T. ) ;
#317 = LINE ( 'NONE', #2845, #612 ) ;
#318 = CARTESIAN_POINT ( 'NONE',  ( 0.08858267716535433989, 0.1377952755905511861, 0.08858267716535433989 ) ) ;
#319 = ORIENTED_EDGE ( 'NONE', *, *, #1874, .T. ) ;
#320 = AXIS2_PLACEMENT_3D ( 'NONE', #3224, #794, #2168 ) ;
#321 = EDGE_CURVE ( 'NONE', #1434, #633, #2147, .T. ) ;
#322 = DIRECTION ( 'NONE',  ( 0.000000000000000000, -1.000000000000000000, 0.000000000000000000 ) ) ;
#323 = AXIS2_PLACEMENT_3D ( 'NONE', #1359, #1070, #2162 ) ;
#324 = DIRECTION ( 'NONE',  ( 0.000000000000000000, 0.000000000000000000, 1.000000000000000000 ) ) ;
#325 = DIRECTION ( 'NONE',  ( 0.000000000000000000, -1.000000000000000000, 0.000000000000000000 ) ) ;
#326 = DIRECTION ( 'NONE',  ( 0.000000000000000000, 0.000000000000000000, 1.000000000000000000 ) ) ;
#327 = ORIENTED_EDGE ( 'NONE', *, *, #17, .T. ) ;
#328 = VECTOR ( 'NONE', #405, 39.37007874015748143 ) ;
#329 = DIRECTION ( 'NONE',  ( 1.000000000000000000, -1.016439536705159791E-16, 0.000000000000000000 ) ) ;
#330 = AXIS2_PLACEMENT_3D ( 'NONE', #2005, #1184, #2797 ) ;
#331 = AXIS2_PLACEMENT_3D ( 'NONE', #1297, #2411, #474 ) ;
#332 = CIRCLE ( 'NONE', #2214, 0.01574803149606299885 ) ;
#333 = VERTEX_POINT ( 'NONE', #2299 ) ;
#334 = ORIENTED_EDGE ( 'NONE', *, *, #1106, .F. ) ;
#335 = CARTESIAN_POINT ( 'NONE',  ( 0.1122047244094488277, 0.1299212598425196763, -0.1122047244094488277 ) ) ;
#336 = CARTESIAN_POINT ( 'NONE',  ( 0.1653543307086614567, 0.007874015748031495954, -0.07480314960629921850 ) ) ;
#337 = DIRECTION ( 'NONE',  ( 0.000000000000000000, -1.000000000000000000, 0.000000000000000000 ) ) ;
#338 = EDGE_LOOP ( 'NONE', ( #1326, #2112 ) ) ;
#339 = LINE ( 'NONE', #2228, #1058 ) ;
#340 = CARTESIAN_POINT ( 'NONE',  ( -0.08858267716535433989, 0.1377952755905511861, 0.1043307086614173457 ) ) ;
#341 = LINE ( 'NONE', #1432, #2666 ) ;
#342 = ADVANCED_FACE ( 'NONE', ( #1753 ), #2831, .T. ) ;
#343 = DIRECTION ( 'NONE',  ( 0.000000000000000000, 0.000000000000000000, -1.000000000000000000 ) ) ;
#344 = ORIENTED_EDGE ( 'NONE', *, *, #3258, .F. ) ;
#345 = CARTESIAN_POINT ( 'NONE',  ( -0.08858267716535433989, 0.1377952755905511861, -0.08858267716535433989 ) ) ;
#346 = EDGE_CURVE ( 'NONE', #1245, #3125, #2848, .T. ) ;
#347 = ORIENTED_EDGE ( 'NONE', *, *, #1905, .F. ) ;
#348 = ORIENTED_EDGE ( 'NONE', *, *, #427, .F. ) ;
#349 = EDGE_LOOP ( 'NONE', ( #3308, #3030, #2766, #1854 ) ) ;
#350 = DIRECTION ( 'NONE',  ( -1.000000000000000000, 0.000000000000000000, 0.000000000000000000 ) ) ;
#351 = CARTESIAN_POINT ( 'NONE',  ( 0.08858267716535433989, 0.1299212598425196763, 0.1043307086614173457 ) ) ;
#352 = PLANE ( 'NONE',  #2883 ) ;
#353 = VERTEX_POINT ( 'NONE', #2580 ) ;
#354 = CARTESIAN_POINT ( 'NONE',  ( -0.1181102362204724532, 0.03149606299212598381, 0.1023622047244094613 ) ) ;
#355 = DIRECTION ( 'NONE',  ( 0.000000000000000000, 0.000000000000000000, 1.000000000000000000 ) ) ;
#356 = CARTESIAN_POINT ( 'NONE',  ( 0.08858267716535433989, 0.1299212598425196763, 0.08858267716535433989 ) ) ;
#357 = FACE_OUTER_BOUND ( 'NONE', #948, .T. ) ;
#358 = VERTEX_POINT ( 'NONE', #157 ) ;
#359 = EDGE_CURVE ( 'NONE', #744, #2322, #1230, .T. ) ;
#360 = VECTOR ( 'NONE', #7, 39.37007874015748143 ) ;
#361 = CARTESIAN_POINT ( 'NONE',  ( -0.1181102362204724532, 0.1299212598425196763, -0.1181102362204724532 ) ) ;
#362 = EDGE_CURVE ( 'NONE', #1263, #2569, #1808, .T. ) ;
#363 = ORIENTED_EDGE ( 'NONE', *, *, #1382, .F. ) ;
#364 = VERTEX_POINT ( 'NONE', #2377 ) ;
#365 = ORIENTED_EDGE ( 'NONE', *, *, #379, .T. ) ;
#366 = CARTESIAN_POINT ( 'NONE',  ( -0.08858267716535433989, 0.1456692913385826960, -0.1122047244094488277 ) ) ;
#367 = DIRECTION ( 'NONE',  ( 0.000000000000000000, 0.000000000000000000, 1.000000000000000000 ) ) ;
#368 = DIRECTION ( 'NONE',  ( 0.000000000000000000, 0.000000000000000000, 1.000000000000000000 ) ) ;
#369 = VERTEX_POINT ( 'NONE', #1294 ) ;
#370 = EDGE_CURVE ( 'NONE', #161, #2207, #2944, .T. ) ;
#371 = EDGE_CURVE ( 'NONE', #3125, #2482, #16, .T. ) ;
#372 = DIRECTION ( 'NONE',  ( 0.000000000000000000, 0.000000000000000000, 1.000000000000000000 ) ) ;
#373 = CARTESIAN_POINT ( 'NONE',  ( 0.08858267716535433989, 0.1377952755905511861, 0.1043307086614173457 ) ) ;
#374 = FACE_OUTER_BOUND ( 'NONE', #1701, .T. ) ;
#375 = DIRECTION ( 'NONE',  ( 1.000000000000000000, 0.000000000000000000, 0.000000000000000000 ) ) ;
#376 = ORIENTED_EDGE ( 'NONE', *, *, #3154, .T. ) ;
#377 = VECTOR ( 'NONE', #2410, 39.37007874015748143 ) ;
#378 = ORIENTED_EDGE ( 'NONE', *, *, #3380, .F. ) ;
#379 = EDGE_CURVE ( 'NONE', #418, #902, #1970, .T. ) ;
#380 = AXIS2_PLACEMENT_3D ( 'NONE', #318, #3055, #1650 ) ;
#381 = DIRECTION ( 'NONE',  ( 0.000000000000000000, 0.000000000000000000, 1.000000000000000000 ) ) ;
#382 = CIRCLE ( 'NONE', #2478, 0.07283464566929134798 ) ;
#383 = CIRCLE ( 'NONE', #1354, 0.07283464566929134798 ) ;
#384 = VECTOR ( 'NONE', #1826, 39.37007874015748143 ) ;
#385 = ORIENTED_EDGE ( 'NONE', *, *, #2556, .F. ) ;
#386 = EDGE_CURVE ( 'NONE', #3035, #1848, #438, .T. ) ;
#387 = EDGE_CURVE ( 'NONE', #358, #353, #886, .T. ) ;
#388 = AXIS2_PLACEMENT_3D ( 'NONE', #3143, #3370, #155 ) ;
#389 = VERTEX_POINT ( 'NONE', #3190 ) ;
#390 = VECTOR ( 'NONE', #1069, 39.37007874015748143 ) ;
#391 = CARTESIAN_POINT ( 'NONE',  ( 0.000000000000000000, 0.2755905511811023723, 0.000000000000000000 ) ) ;
#392 = DIRECTION ( 'NONE',  ( 0.000000000000000000, 1.000000000000000000, 0.000000000000000000 ) ) ;
#393 = EDGE_CURVE ( 'NONE', #1372, #3337, #1869, .T. ) ;
#394 = LINE ( 'NONE', #907, #3220 ) ;
#395 = EDGE_LOOP ( 'NONE', ( #3200, #2542, #406, #2170 ) ) ;
#396 = DIRECTION ( 'NONE',  ( 1.000000000000000000, -0.000000000000000000, 1.224646799147353207E-16 ) ) ;
#397 = FACE_OUTER_BOUND ( 'NONE', #1664, .T. ) ;
#398 = DIRECTION ( 'NONE',  ( 0.000000000000000000, 1.000000000000000000, 0.000000000000000000 ) ) ;
#399 = CARTESIAN_POINT ( 'NONE',  ( 0.1653543307086614567, 0.003937007874015747977, 0.1023622047244094613 ) ) ;
#400 = ORIENTED_EDGE ( 'NONE', *, *, #1724, .F. ) ;
#401 = CC_DESIGN_DATE_AND_TIME_ASSIGNMENT ( #2385, #748, ( #3111 ) ) ;
#402 = ORIENTED_EDGE ( 'NONE', *, *, #2426, .F. ) ;
#403 = EDGE_LOOP ( 'NONE', ( #1256, #2310, #163, #1360 ) ) ;
#404 = LINE ( 'NONE', #1799, #837 ) ;
#405 = DIRECTION ( 'NONE',  ( -1.000000000000000000, 0.000000000000000000, 0.000000000000000000 ) ) ;
#406 = ORIENTED_EDGE ( 'NONE', *, *, #630, .F. ) ;
#407 = ORIENTED_EDGE ( 'NONE', *, *, #798, .T. ) ;
#408 = CARTESIAN_POINT ( 'NONE',  ( -0.1496062992125984370, 0.02755905511811023584, 0.1023622047244094613 ) ) ;
#409 = DIRECTION ( 'NONE',  ( 0.000000000000000000, 0.000000000000000000, 1.000000000000000000 ) ) ;
#410 = DIRECTION ( 'NONE',  ( -1.000000000000000000, -1.734723475976804925E-15, 0.000000000000000000 ) ) ;
#411 = ORIENTED_EDGE ( 'NONE', *, *, #1060, .T. ) ;
#412 = DIRECTION ( 'NONE',  ( 0.000000000000000000, -1.000000000000000000, 0.000000000000000000 ) ) ;
#413 = DIRECTION ( 'NONE',  ( 0.000000000000000000, -1.000000000000000000, 0.000000000000000000 ) ) ;
#414 = CARTESIAN_POINT ( 'NONE',  ( 0.1968503937007874127, 0.003937007874015747977, -0.07480314960629921850 ) ) ;
#415 = PLANE ( 'NONE',  #2149 ) ;
#416 = ORIENTED_EDGE ( 'NONE', *, *, #2533, .T. ) ;
#417 = VERTEX_POINT ( 'NONE', #1851 ) ;
#418 = VERTEX_POINT ( 'NONE', #822 ) ;
#419 = DIRECTION ( 'NONE',  ( 0.000000000000000000, 0.000000000000000000, -1.000000000000000000 ) ) ;
#420 = CARTESIAN_POINT ( 'NONE',  ( 0.1535433070866141780, 0.007874015748031495954, 0.1023622047244094613 ) ) ;
#421 = AXIS2_PLACEMENT_3D ( 'NONE', #2757, #2229, #324 ) ;
#422 = VERTEX_POINT ( 'NONE', #235 ) ;
#423 = ORIENTED_EDGE ( 'NONE', *, *, #25, .T. ) ;
#424 = CARTESIAN_POINT ( 'NONE',  ( 0.1653543307086614567, -0.003937007874015747977, -0.1023622047244094613 ) ) ;
#425 = CARTESIAN_POINT ( 'NONE',  ( -0.1653543307086614567, 0.007874015748031495954, 0.07480314960629921850 ) ) ;
#426 = CARTESIAN_POINT ( 'NONE',  ( 0.1535433070866141780, 0.02755905511811023584, 0.1023622047244094613 ) ) ;
#427 = EDGE_CURVE ( 'NONE', #2657, #422, #600, .T. ) ;
#428 = FACE_OUTER_BOUND ( 'NONE', #2904, .T. ) ;
#429 = LINE ( 'NONE', #682, #2152 ) ;
#430 = ORIENTED_EDGE ( 'NONE', *, *, #1436, .F. ) ;
#431 = ORIENTED_EDGE ( 'NONE', *, *, #302, .T. ) ;
#432 = EDGE_CURVE ( 'NONE', #2190, #2891, #1898, .T. ) ;
#433 = EDGE_CURVE ( 'NONE', #2451, #2389, #3254, .T. ) ;
#434 = EDGE_LOOP ( 'NONE', ( #1742, #663, #1559, #109 ) ) ;
#435 = CONICAL_SURFACE ( 'NONE', #544, 0.06496062992125985203, 0.02702044918726474385 ) ;
#436 = CARTESIAN_POINT ( 'NONE',  ( 0.08858267716535433989, 0.1299212598425196763, 0.08858267716535433989 ) ) ;
#437 = CARTESIAN_POINT ( 'NONE',  ( 0.1496062992125984370, 0.02755905511811023584, 0.1023622047244094613 ) ) ;
#438 = CIRCLE ( 'NONE', #320, 0.01574803149606299885 ) ;
#439 = EDGE_LOOP ( 'NONE', ( #1785, #2531, #2306, #3202 ) ) ;
#440 = VECTOR ( 'NONE', #3019, 39.37007874015748143 ) ;
#441 = EDGE_LOOP ( 'NONE', ( #111, #1745, #2256, #75 ) ) ;
#442 = CIRCLE ( 'NONE', #895, 0.05921257006065491768 ) ;
#443 = AXIS2_PLACEMENT_3D ( 'NONE', #471, #131, #2553 ) ;
#444 = CARTESIAN_POINT ( 'NONE',  ( 0.1614173228346456879, 0.02755905511811023584, 0.1023622047244094613 ) ) ;
#445 = CARTESIAN_POINT ( 'NONE',  ( 0.08858267716535433989, 0.1377952755905511861, -0.08858267716535433989 ) ) ;
#446 = CYLINDRICAL_SURFACE ( 'NONE', #1820, 0.02362204724409448092 ) ;
#447 = AXIS2_PLACEMENT_3D ( 'NONE', #78, #619, #367 ) ;
#448 = AXIS2_PLACEMENT_3D ( 'NONE', #2366, #479, #977 ) ;
#449 = DIRECTION ( 'NONE',  ( 0.000000000000000000, 0.000000000000000000, 1.000000000000000000 ) ) ;
#450 = LINE ( 'NONE', #2351, #615 ) ;
#451 = CARTESIAN_POINT ( 'NONE',  ( 0.08858267716535433989, 0.1141732283464566844, 0.08858267716535433989 ) ) ;
#452 = ORIENTED_EDGE ( 'NONE', *, *, #2492, .F. ) ;
#453 = VERTEX_POINT ( 'NONE', #1331 ) ;
#454 = AXIS2_PLACEMENT_3D ( 'NONE', #967, #1507, #2583 ) ;
#455 = ADVANCED_FACE ( 'NONE', ( #1316 ), #2679, .T. ) ;
#456 = ORIENTED_EDGE ( 'NONE', *, *, #563, .T. ) ;
#457 = CARTESIAN_POINT ( 'NONE',  ( -0.1181102362204724532, 0.03937007874015747977, 0.1023622047244094613 ) ) ;
#458 = LINE ( 'NONE', #1555, #2940 ) ;
#459 = EDGE_CURVE ( 'NONE', #266, #2253, #2925, .T. ) ;
#460 = ORIENTED_EDGE ( 'NONE', *, *, #861, .F. ) ;
#461 = ORIENTED_EDGE ( 'NONE', *, *, #3425, .F. ) ;
#462 = CARTESIAN_POINT ( 'NONE',  ( 0.000000000000000000, 0.2755905511811023723, -0.06496062992125985203 ) ) ;
#463 = DIRECTION ( 'NONE',  ( 0.000000000000000000, 1.000000000000000000, 0.000000000000000000 ) ) ;
#464 = DIRECTION ( 'NONE',  ( 1.000000000000000000, 0.000000000000000000, 0.000000000000000000 ) ) ;
#465 = CARTESIAN_POINT ( 'NONE',  ( 0.1653543307086614567, 0.007874015748031495954, 0.1023622047244094613 ) ) ;
#466 = CARTESIAN_POINT ( 'NONE',  ( 0.1181102362204724532, 0.03937007874015747977, -0.07480314960629921850 ) ) ;
#467 = ORIENTED_EDGE ( 'NONE', *, *, #2175, .F. ) ;
#468 = ORIENTED_EDGE ( 'NONE', *, *, #2928, .F. ) ;
#469 = VERTEX_POINT ( 'NONE', #1886 ) ;
#470 = CARTESIAN_POINT ( 'NONE',  ( -0.1653543307086614567, -0.003937007874015747977, -0.07480314960629921850 ) ) ;
#471 = CARTESIAN_POINT ( 'NONE',  ( -0.1496062992125984370, 0.02755905511811023584, 0.1023622047244094613 ) ) ;
#472 = ADVANCED_FACE ( 'NONE', ( #2962 ), #3476, .T. ) ;
#473 = ORIENTED_EDGE ( 'NONE', *, *, #43, .F. ) ;
#474 = DIRECTION ( 'NONE',  ( -1.000000000000000000, 0.000000000000000000, 0.000000000000000000 ) ) ;
#475 = ADVANCED_FACE ( 'NONE', ( #1569 ), #2132, .F. ) ;
#476 = ORIENTED_EDGE ( 'NONE', *, *, #2442, .F. ) ;
#477 = VECTOR ( 'NONE', #2523, 39.37007874015748143 ) ;
#478 = CARTESIAN_POINT ( 'NONE',  ( -0.1614173228346456879, 0.02755905511811023584, 0.1023622047244094613 ) ) ;
#479 = DIRECTION ( 'NONE',  ( 0.000000000000000000, 0.000000000000000000, 1.000000000000000000 ) ) ;
#480 = CIRCLE ( 'NONE', #2136, 0.02362204724409448092 ) ;
#481 = APPROVAL_STATUS ( 'not_yet_approved' ) ;
#482 = PLANE ( 'NONE',  #2052 ) ;
#483 = DIRECTION ( 'NONE',  ( -1.000000000000000000, 0.000000000000000000, 0.000000000000000000 ) ) ;
#484 = EDGE_LOOP ( 'NONE', ( #313, #3362, #3387, #2612 ) ) ;
#485 = ORIENTED_EDGE ( 'NONE', *, *, #711, .T. ) ;
#486 = ADVANCED_FACE ( 'NONE', ( #542 ), #1634, .F. ) ;
#487 = MANIFOLD_SOLID_BREP ( 'Cut-Extrude1', #717 ) ;
#488 = CARTESIAN_POINT ( 'NONE',  ( 0.1653543307086614567, -0.003937007874015747977, 0.07480314960629921850 ) ) ;
#489 = CARTESIAN_POINT ( 'NONE',  ( 0.000000000000000000, -0.07608622758978160483, 0.07283464566929134798 ) ) ;
#490 = CARTESIAN_POINT ( 'NONE',  ( 0.1181102362204724532, 0.03937007874015747977, -0.1023622047244094613 ) ) ;
#491 = AXIS2_PLACEMENT_3D ( 'NONE', #2283, #3373, #372 ) ;
#492 = ORIENTED_EDGE ( 'NONE', *, *, #2789, .F. ) ;
#493 = DIRECTION ( 'NONE',  ( 7.228014483236699514E-17, 0.000000000000000000, 1.000000000000000000 ) ) ;
#494 = VECTOR ( 'NONE', #144, 39.37007874015748143 ) ;
#495 = ORIENTED_EDGE ( 'NONE', *, *, #2391, .T. ) ;
#496 = VECTOR ( 'NONE', #734, 39.37007874015748143 ) ;
#497 = EDGE_CURVE ( 'NONE', #3330, #1780, #755, .T. ) ;
#498 = EDGE_CURVE ( 'NONE', #254, #196, #2252, .T. ) ;
#499 = CARTESIAN_POINT ( 'NONE',  ( -0.1122047244094488277, 0.1299212598425196763, -0.1122047244094488277 ) ) ;
#500 = DIRECTION ( 'NONE',  ( 0.000000000000000000, 0.000000000000000000, -1.000000000000000000 ) ) ;
#501 = AXIS2_PLACEMENT_3D ( 'NONE', #2571, #150, #3255 ) ;
#502 = EDGE_CURVE ( 'NONE', #2222, #1538, #3325, .T. ) ;
#503 = AXIS2_PLACEMENT_3D ( 'NONE', #335, #1665, #567 ) ;
#504 = CIRCLE ( 'NONE', #2433, 0.01574803149606299191 ) ;
#505 = DIRECTION ( 'NONE',  ( 0.000000000000000000, 0.000000000000000000, 1.000000000000000000 ) ) ;
#506 = CARTESIAN_POINT ( 'NONE',  ( 0.1496062992125984370, 0.02755905511811023584, 0.07480314960629921850 ) ) ;
#507 = DIRECTION ( 'NONE',  ( 0.000000000000000000, -1.000000000000000000, 0.000000000000000000 ) ) ;
#508 = ORIENTED_EDGE ( 'NONE', *, *, #3449, .F. ) ;
#509 = ORIENTED_EDGE ( 'NONE', *, *, #283, .F. ) ;
#510 = VECTOR ( 'NONE', #693, 39.37007874015748143 ) ;
#511 = DIRECTION ( 'NONE',  ( 0.000000000000000000, -1.000000000000000000, 0.000000000000000000 ) ) ;
#512 = DIRECTION ( 'NONE',  ( 0.000000000000000000, 0.000000000000000000, -1.000000000000000000 ) ) ;
#513 = CARTESIAN_POINT ( 'NONE',  ( -0.1535433070866141780, 0.007874015748031495954, 0.1023622047244094613 ) ) ;
#514 = CARTESIAN_POINT ( 'NONE',  ( 0.1496062992125984370, 0.02755905511811023584, -0.07480314960629921850 ) ) ;
#515 = VECTOR ( 'NONE', #3234, 39.37007874015748143 ) ;
#516 = CARTESIAN_POINT ( 'NONE',  ( 0.08858267716535433989, 0.1456692913385826960, -0.06496062992125986590 ) ) ;
#517 = ORIENTED_EDGE ( 'NONE', *, *, #3261, .T. ) ;
#518 = DIRECTION ( 'NONE',  ( 0.000000000000000000, 0.000000000000000000, 1.000000000000000000 ) ) ;
#519 = DIRECTION ( 'NONE',  ( 0.000000000000000000, -1.000000000000000000, 0.000000000000000000 ) ) ;
#520 = CARTESIAN_POINT ( 'NONE',  ( -0.1535433070866141780, 0.02755905511811023584, 0.1023622047244094613 ) ) ;
#521 = CARTESIAN_POINT ( 'NONE',  ( -0.08858267716535433989, 0.1456692913385826960, -0.08858267716535433989 ) ) ;
#522 = ORIENTED_EDGE ( 'NONE', *, *, #3257, .T. ) ;
#523 = VERTEX_POINT ( 'NONE', #1179 ) ;
#524 = DIRECTION ( 'NONE',  ( 0.000000000000000000, 0.000000000000000000, 1.000000000000000000 ) ) ;
#525 = FACE_OUTER_BOUND ( 'NONE', #128, .T. ) ;
#526 = CARTESIAN_POINT ( 'NONE',  ( 0.08858267716535433989, 0.1377952755905511861, -0.1043307086614173457 ) ) ;
#527 = DIRECTION ( 'NONE',  ( -1.000000000000000000, 0.000000000000000000, 0.000000000000000000 ) ) ;
#528 = PLANE ( 'NONE',  #672 ) ;
#529 = EDGE_LOOP ( 'NONE', ( #1710, #1311, #1356, #2852 ) ) ;
#530 = DIRECTION ( 'NONE',  ( 0.000000000000000000, 0.000000000000000000, -1.000000000000000000 ) ) ;
#531 = CARTESIAN_POINT ( 'NONE',  ( -0.08858267716535433989, 0.1823374350353732243, -0.08858267716535433989 ) ) ;
#532 = EDGE_CURVE ( 'NONE', #752, #2382, #44, .T. ) ;
#533 = AXIS2_PLACEMENT_3D ( 'NONE', #222, #3195, #2399 ) ;
#534 = CARTESIAN_POINT ( 'NONE',  ( 0.1653543307086614567, 0.007874015748031495954, 0.07480314960629921850 ) ) ;
#535 = EDGE_CURVE ( 'NONE', #673, #469, #2728, .T. ) ;
#536 = CYLINDRICAL_SURFACE ( 'NONE', #723, 0.02362204724409448092 ) ;
#537 = VERTEX_POINT ( 'NONE', #3343 ) ;
#538 = DIRECTION ( 'NONE',  ( 0.000000000000000000, 0.000000000000000000, 1.000000000000000000 ) ) ;
#539 = CARTESIAN_POINT ( 'NONE',  ( 0.1653543307086614567, -0.003937007874015747977, -0.07480314960629921850 ) ) ;
#540 = ADVANCED_FACE ( 'NONE', ( #873 ), #69, .F. ) ;
#541 = EDGE_CURVE ( 'NONE', #1205, #1470, #778, .T. ) ;
#542 = FACE_OUTER_BOUND ( 'NONE', #2869, .T. ) ;
#543 = FACE_OUTER_BOUND ( 'NONE', #1422, .T. ) ;
#544 = AXIS2_PLACEMENT_3D ( 'NONE', #1632, #1849, #1604 ) ;
#545 = ORIENTED_EDGE ( 'NONE', *, *, #3502, .F. ) ;
#546 = DIRECTION ( 'NONE',  ( 0.000000000000000000, -1.000000000000000000, 0.000000000000000000 ) ) ;
#547 = PLANE ( 'NONE',  #959 ) ;
#548 = ORIENTED_EDGE ( 'NONE', *, *, #1262, .F. ) ;
#549 = VECTOR ( 'NONE', #1483, 39.37007874015748143 ) ;
#550 = DIRECTION ( 'NONE',  ( 1.000000000000000000, 0.000000000000000000, 0.000000000000000000 ) ) ;
#551 = FACE_OUTER_BOUND ( 'NONE', #1991, .T. ) ;
#552 = ORIENTED_EDGE ( 'NONE', *, *, #809, .F. ) ;
#553 = CIRCLE ( 'NONE', #1924, 0.003937007874015741038 ) ;
#554 = AXIS2_PLACEMENT_3D ( 'NONE', #3459, #1025, #2115 ) ;
#555 = DIRECTION ( 'NONE',  ( -1.000000000000000000, -1.734723475976804925E-15, 0.000000000000000000 ) ) ;
#556 = DIRECTION ( 'NONE',  ( 1.000000000000000000, 0.000000000000000000, 0.000000000000000000 ) ) ;
#557 = CARTESIAN_POINT ( 'NONE',  ( 0.1968503937007874127, 0.003937007874015747977, 0.1023622047244094613 ) ) ;
#558 = AXIS2_PLACEMENT_3D ( 'NONE', #1353, #2158, #2384 ) ;
#559 = ADVANCED_FACE ( 'NONE', ( #1398 ), #49, .T. ) ;
#560 = AXIS2_PLACEMENT_3D ( 'NONE', #696, #2866, #1524 ) ;
#561 = DIRECTION ( 'NONE',  ( 0.000000000000000000, 0.000000000000000000, 1.000000000000000000 ) ) ;
#562 = VERTEX_POINT ( 'NONE', #101 ) ;
#563 = EDGE_CURVE ( 'NONE', #1163, #74, #2472, .T. ) ;
#564 = APPROVAL_STATUS ( 'not_yet_approved' ) ;
#565 = DIRECTION ( 'NONE',  ( 0.000000000000000000, 0.000000000000000000, -1.000000000000000000 ) ) ;
#566 = ORIENTED_EDGE ( 'NONE', *, *, #3422, .F. ) ;
#567 = DIRECTION ( 'NONE',  ( 0.000000000000000000, 0.000000000000000000, 1.000000000000000000 ) ) ;
#568 = DIRECTION ( 'NONE',  ( -1.000000000000000000, -1.016439536705159791E-16, 0.000000000000000000 ) ) ;
#569 = EDGE_LOOP ( 'NONE', ( #220, #2536 ) ) ;
#570 = CARTESIAN_POINT ( 'NONE',  ( 0.1181102362204724532, 0.03149606299212598381, -0.1023622047244094613 ) ) ;
#571 = CARTESIAN_POINT ( 'NONE',  ( 0.1122047244094488277, 0.1299212598425196763, 0.1181102362204724532 ) ) ;
#572 = CARTESIAN_POINT ( 'NONE',  ( 0.000000000000000000, -0.07608622758978160483, 0.000000000000000000 ) ) ;
#573 = DIRECTION ( 'NONE',  ( 0.000000000000000000, 0.000000000000000000, 1.000000000000000000 ) ) ;
#574 = VERTEX_POINT ( 'NONE', #557 ) ;
#575 = CARTESIAN_POINT ( 'NONE',  ( 0.1614173228346456879, 0.02755905511811023584, -0.1023622047244094613 ) ) ;
#576 = EDGE_CURVE ( 'NONE', #683, #2720, #2879, .T. ) ;
#577 = PERSON_AND_ORGANIZATION ( #1504, #765 ) ;
#578 = EDGE_LOOP ( 'NONE', ( #579, #1529, #492, #348, #688, #2193, #929, #1955, #2498, #314, #2875, #1340 ) ) ;
#579 = ORIENTED_EDGE ( 'NONE', *, *, #2692, .F. ) ;
#580 = DIRECTION ( 'NONE',  ( 0.000000000000000000, 0.000000000000000000, 1.000000000000000000 ) ) ;
#581 = CARTESIAN_POINT ( 'NONE',  ( -0.1614173228346456879, 0.02755905511811023584, -0.07480314960629921850 ) ) ;
#582 = DIRECTION ( 'NONE',  ( 1.000000000000000000, 0.000000000000000000, 0.000000000000000000 ) ) ;
#583 = ORIENTED_EDGE ( 'NONE', *, *, #1154, .T. ) ;
#584 = VECTOR ( 'NONE', #1669, 39.37007874015748143 ) ;
#585 = CARTESIAN_POINT ( 'NONE',  ( 7.955382750366665093E-18, 0.2755905511811023723, 0.06496062992125985203 ) ) ;
#586 = TOROIDAL_SURFACE ( 'NONE', #1736, 0.05921257006065491768, 0.005905511811023621965 ) ;
#587 = DIRECTION ( 'NONE',  ( 1.000000000000000000, 0.000000000000000000, 0.000000000000000000 ) ) ;
#588 = FACE_OUTER_BOUND ( 'NONE', #2064, .T. ) ;
#589 = DIRECTION ( 'NONE',  ( -0.000000000000000000, 1.000000000000000000, 0.000000000000000000 ) ) ;
#590 = ORIENTED_EDGE ( 'NONE', *, *, #3079, .F. ) ;
#591 = FACE_OUTER_BOUND ( 'NONE', #2737, .T. ) ;
#592 = ORIENTED_EDGE ( 'NONE', *, *, #2864, .F. ) ;
#593 = VERTEX_POINT ( 'NONE', #2459 ) ;
#594 = EDGE_CURVE ( 'NONE', #3109, #523, #3214, .T. ) ;
#595 = AXIS2_PLACEMENT_3D ( 'NONE', #640, #396, #3355 ) ;
#596 = LINE ( 'NONE', #61, #956 ) ;
#597 = LINE ( 'NONE', #3296, #2716 ) ;
#598 = DIRECTION ( 'NONE',  ( 0.000000000000000000, 0.000000000000000000, 1.000000000000000000 ) ) ;
#599 = ORIENTED_EDGE ( 'NONE', *, *, #252, .T. ) ;
#600 = CIRCLE ( 'NONE', #2593, 0.01181102362204724046 ) ;
#601 = EDGE_CURVE ( 'NONE', #3117, #960, #2759, .T. ) ;
#602 = MANIFOLD_SOLID_BREP ( 'Fillet1', #1346 ) ;
#603 = CARTESIAN_POINT ( 'NONE',  ( 0.1181102362204724532, 0.03149606299212598381, 0.1023622047244094613 ) ) ;
#604 = CIRCLE ( 'NONE', #2597, 0.005905511811023620231 ) ;
#605 = LINE ( 'NONE', #2457, #1624 ) ;
#606 = FACE_BOUND ( 'NONE', #2373, .T. ) ;
#607 = CARTESIAN_POINT ( 'NONE',  ( 0.1181102362204724532, 0.03149606299212598381, -0.1023622047244094613 ) ) ;
#608 = ORIENTED_EDGE ( 'NONE', *, *, #2578, .F. ) ;
#609 = CIRCLE ( 'NONE', #3461, 0.01574803149606299885 ) ;
#610 = VECTOR ( 'NONE', #952, 39.37007874015748143 ) ;
#611 = CARTESIAN_POINT ( 'NONE',  ( -0.1968503937007874127, -0.003937007874015747977, -0.1023622047244094613 ) ) ;
#612 = VECTOR ( 'NONE', #409, 39.37007874015748143 ) ;
#613 = VECTOR ( 'NONE', #253, 39.37007874015748143 ) ;
#614 = EDGE_LOOP ( 'NONE', ( #590, #2567, #1088, #64 ) ) ;
#615 = VECTOR ( 'NONE', #3432, 39.37007874015748143 ) ;
#616 = ORIENTED_EDGE ( 'NONE', *, *, #2742, .T. ) ;
#617 = ORIENTED_EDGE ( 'NONE', *, *, #2121, .T. ) ;
#618 = DIRECTION ( 'NONE',  ( 0.000000000000000000, 1.000000000000000000, 0.000000000000000000 ) ) ;
#619 = DIRECTION ( 'NONE',  ( 0.000000000000000000, 1.000000000000000000, 0.000000000000000000 ) ) ;
#620 = FACE_OUTER_BOUND ( 'NONE', #578, .T. ) ;
#621 = EDGE_LOOP ( 'NONE', ( #2703, #2950, #201, #407 ) ) ;
#622 = EDGE_CURVE ( 'NONE', #1501, #902, #3063, .T. ) ;
#623 = DIRECTION ( 'NONE',  ( 0.000000000000000000, 0.000000000000000000, -1.000000000000000000 ) ) ;
#624 = LINE ( 'NONE', #158, #3368 ) ;
#625 = CYLINDRICAL_SURFACE ( 'NONE', #1188, 0.01574803149606299885 ) ;
#626 = FACE_BOUND ( 'NONE', #894, .T. ) ;
#627 = ORIENTED_EDGE ( 'NONE', *, *, #2645, .F. ) ;
#628 = CARTESIAN_POINT ( 'NONE',  ( 0.1653543307086614567, 0.003937007874015747977, 0.07480314960629921850 ) ) ;
#629 = ORIENTED_EDGE ( 'NONE', *, *, #2772, .F. ) ;
#630 = EDGE_CURVE ( 'NONE', #1126, #179, #1657, .T. ) ;
#632 = ORIENTED_EDGE ( 'NONE', *, *, #2637, .T. ) ;
#631 = ADVANCED_FACE ( 'NONE', ( #1141, #1671, #3024, #626, #3007 ), #2741, .T. ) ;
#633 = VERTEX_POINT ( 'NONE', #1416 ) ;
#634 = EDGE_CURVE ( 'NONE', #3337, #3330, #2934, .T. ) ;
#635 = CYLINDRICAL_SURFACE ( 'NONE', #1472, 0.01574803149606299191 ) ;
#636 = CARTESIAN_POINT ( 'NONE',  ( -0.1653543307086614567, 0.007874015748031495954, 0.1023622047244094613 ) ) ;
#637 = FACE_OUTER_BOUND ( 'NONE', #1194, .T. ) ;
#638 = ORIENTED_EDGE ( 'NONE', *, *, #2134, .F. ) ;
#639 = ADVANCED_FACE ( 'NONE', ( #357 ), #1810, .F. ) ;
#640 = CARTESIAN_POINT ( 'NONE',  ( 7.251448439406943675E-18, 0.2696850393700788162, -0.05921257006065491768 ) ) ;
#641 = DIRECTION ( 'NONE',  ( 0.000000000000000000, 1.000000000000000000, 0.000000000000000000 ) ) ;
#642 = CARTESIAN_POINT ( 'NONE',  ( -0.1614173228346456879, 0.02755905511811023584, -0.1023622047244094613 ) ) ;
#643 = ORIENTED_EDGE ( 'NONE', *, *, #1952, .T. ) ;
#644 = AXIS2_PLACEMENT_3D ( 'NONE', #82, #2470, #1963 ) ;
#645 = EDGE_CURVE ( 'NONE', #1137, #1832, #3147, .T. ) ;
#646 = ADVANCED_FACE ( 'NONE', ( #3358 ), #945, .T. ) ;
#647 = FACE_OUTER_BOUND ( 'NONE', #1187, .T. ) ;
#648 = CIRCLE ( 'NONE', #3028, 0.07283464566929134798 ) ;
#649 = VERTEX_POINT ( 'NONE', #2811 ) ;
#650 = VERTEX_POINT ( 'NONE', #3093 ) ;
#651 = FACE_OUTER_BOUND ( 'NONE', #2554, .T. ) ;
#652 = CARTESIAN_POINT ( 'NONE',  ( 0.1653543307086614567, -0.003937007874015747977, 0.1023622047244094613 ) ) ;
#653 = LINE ( 'NONE', #2012, #666 ) ;
#654 = ORIENTED_EDGE ( 'NONE', *, *, #2864, .T. ) ;
#655 = FACE_OUTER_BOUND ( 'NONE', #2748, .T. ) ;
#656 = DIRECTION ( 'NONE',  ( 0.000000000000000000, -1.000000000000000000, 0.000000000000000000 ) ) ;
#657 = DIRECTION ( 'NONE',  ( 0.000000000000000000, 1.000000000000000000, 0.000000000000000000 ) ) ;
#658 = FACE_OUTER_BOUND ( 'NONE', #2021, .T. ) ;
#659 = EDGE_LOOP ( 'NONE', ( #2289, #2526, #319, #2077 ) ) ;
#660 = ORIENTED_EDGE ( 'NONE', *, *, #2512, .T. ) ;
#661 = AXIS2_PLACEMENT_3D ( 'NONE', #1199, #2352, #697 ) ;
#662 = DESIGN_CONTEXT ( 'detailed design', #2497, 'design' ) ;
#663 = ORIENTED_EDGE ( 'NONE', *, *, #2368, .F. ) ;
#664 = CARTESIAN_POINT ( 'NONE',  ( -0.1181102362204724532, 0.1377952755905511861, -0.1122047244094488277 ) ) ;
#665 = DIRECTION ( 'NONE',  ( 0.000000000000000000, 1.000000000000000000, 0.000000000000000000 ) ) ;
#666 = VECTOR ( 'NONE', #995, 39.37007874015748143 ) ;
#667 = ADVANCED_FACE ( 'NONE', ( #658 ), #998, .F. ) ;
#668 = AXIS2_PLACEMENT_3D ( 'NONE', #499, #546, #2157 ) ;
#669 = VECTOR ( 'NONE', #1554, 39.37007874015748143 ) ;
#670 = EDGE_LOOP ( 'NONE', ( #430, #3138, #1862, #917 ) ) ;
#671 = ADVANCED_FACE ( 'NONE', ( #2303 ), #415, .F. ) ;
#672 = AXIS2_PLACEMENT_3D ( 'NONE', #3477, #2135, #1572 ) ;
#673 = VERTEX_POINT ( 'NONE', #2548 ) ;
#674 = AXIS2_PLACEMENT_3D ( 'NONE', #2439, #550, #2191 ) ;
#675 = FACE_OUTER_BOUND ( 'NONE', #3041, .T. ) ;
#676 = CARTESIAN_POINT ( 'NONE',  ( 0.000000000000000000, 0.1377952755905511861, 0.000000000000000000 ) ) ;
#677 = CYLINDRICAL_SURFACE ( 'NONE', #1237, 0.07283464566929134798 ) ;
#678 = EDGE_LOOP ( 'NONE', ( #3179, #1618 ) ) ;
#679 = CARTESIAN_POINT ( 'NONE',  ( -0.1122047244094488277, 0.1299212598425196763, 0.1122047244094488277 ) ) ;
#680 = DIRECTION ( 'NONE',  ( 0.000000000000000000, -1.000000000000000000, 0.000000000000000000 ) ) ;
#681 = CARTESIAN_POINT ( 'NONE',  ( -0.1181102362204724532, 0.03937007874015747977, -0.1023622047244094613 ) ) ;
#682 = CARTESIAN_POINT ( 'NONE',  ( 0.08858267716535433989, 0.1377952755905511861, -0.1043307086614173457 ) ) ;
#683 = VERTEX_POINT ( 'NONE', #2584 ) ;
#684 = ORIENTED_EDGE ( 'NONE', *, *, #3361, .F. ) ;
#685 = ORIENTED_EDGE ( 'NONE', *, *, #1224, .T. ) ;
#686 = LINE ( 'NONE', #2080, #2155 ) ;
#687 = DIRECTION ( 'NONE',  ( 0.000000000000000000, 0.000000000000000000, -1.000000000000000000 ) ) ;
#688 = ORIENTED_EDGE ( 'NONE', *, *, #147, .F. ) ;
#689 = ADVANCED_FACE ( 'NONE', ( #2566 ), #3376, .T. ) ;
#690 = VERTEX_POINT ( 'NONE', #194 ) ;
#691 = ADVANCED_FACE ( 'NONE', ( #2834 ), #2889, .T. ) ;
#692 = DIRECTION ( 'NONE',  ( -1.000000000000000000, 1.016439536705159791E-16, 0.000000000000000000 ) ) ;
#693 = DIRECTION ( 'NONE',  ( 0.000000000000000000, 1.000000000000000000, 0.000000000000000000 ) ) ;
#694 = DIRECTION ( 'NONE',  ( 0.000000000000000000, -1.000000000000000000, 0.000000000000000000 ) ) ;
#695 = CARTESIAN_POINT ( 'NONE',  ( 0.08858267716535433989, 0.1456692913385826960, 0.08858267716535433989 ) ) ;
#696 = CARTESIAN_POINT ( 'NONE',  ( -0.08858267716535433989, 0.1299212598425196763, 0.08858267716535433989 ) ) ;
#697 = DIRECTION ( 'NONE',  ( 0.000000000000000000, 0.000000000000000000, 1.000000000000000000 ) ) ;
#698 = EDGE_LOOP ( 'NONE', ( #1813, #3245, #2858, #3088 ) ) ;
#699 = ORIENTED_EDGE ( 'NONE', *, *, #205, .F. ) ;
#701 = EDGE_CURVE ( 'NONE', #1894, #805, #3268, .T. ) ;
#700 = ORIENTED_EDGE ( 'NONE', *, *, #2420, .F. ) ;
#702 = PLANE ( 'NONE',  #3394 ) ;
#703 = LINE ( 'NONE', #972, #3390 ) ;
#704 = CIRCLE ( 'NONE', #1853, 0.01181102362204724046 ) ;
#705 = ORIENTED_EDGE ( 'NONE', *, *, #1661, .F. ) ;
#706 = CIRCLE ( 'NONE', #1280, 0.01181102362204724046 ) ;
#707 = VERTEX_POINT ( 'NONE', #928 ) ;
#708 = CARTESIAN_POINT ( 'NONE',  ( -0.1181102362204724532, 0.03149606299212598381, 0.1023622047244094613 ) ) ;
#709 = CARTESIAN_POINT ( 'NONE',  ( 0.1181102362204724532, 0.03937007874015747977, 0.07480314960629921850 ) ) ;
#710 = CARTESIAN_POINT ( 'NONE',  ( -0.1181102362204724532, 0.000000000000000000, -0.1122047244094488277 ) ) ;
#711 = EDGE_CURVE ( 'NONE', #2382, #752, #270, .T. ) ;
#712 = CARTESIAN_POINT ( 'NONE',  ( -0.1968503937007874127, -0.003937007874015747977, -0.1023622047244094613 ) ) ;
#713 = FACE_OUTER_BOUND ( 'NONE', #439, .T. ) ;
#714 = DIRECTION ( 'NONE',  ( -1.000000000000000000, -1.734723475976804925E-15, 0.000000000000000000 ) ) ;
#715 = ORIENTED_EDGE ( 'NONE', *, *, #777, .T. ) ;
#716 = ORIENTED_EDGE ( 'NONE', *, *, #3230, .F. ) ;
#717 = CLOSED_SHELL ( 'NONE', ( #51, #2138, #1543, #2087, #3191, #1022, #1525, #2271, #2815, #2281, #1852, #2330, #2651, #1367, #1164, #2561, #472, #315, #1653, #2004 ) ) ;
#718 = EDGE_CURVE ( 'NONE', #738, #358, #429, .T. ) ;
#719 = VERTEX_POINT ( 'NONE', #1526 ) ;
#720 = VECTOR ( 'NONE', #2182, 39.37007874015748143 ) ;
#721 = DIRECTION ( 'NONE',  ( 0.000000000000000000, 0.000000000000000000, 1.000000000000000000 ) ) ;
#722 = LINE ( 'NONE', #166, #725 ) ;
#723 = AXIS2_PLACEMENT_3D ( 'NONE', #521, #1629, #1581 ) ;
#724 = VERTEX_POINT ( 'NONE', #2851 ) ;
#725 = VECTOR ( 'NONE', #1259, 39.37007874015748143 ) ;
#726 = ORIENTED_EDGE ( 'NONE', *, *, #2492, .T. ) ;
#727 = VECTOR ( 'NONE', #1191, 39.37007874015748143 ) ;
#728 = AXIS2_PLACEMENT_3D ( 'NONE', #1241, #1495, #3403 ) ;
#729 = DIRECTION ( 'NONE',  ( -1.000000000000000000, 0.000000000000000000, 0.000000000000000000 ) ) ;
#730 = CARTESIAN_POINT ( 'NONE',  ( 0.08858267716535433989, 0.1823374350353732243, 0.07283464566929134798 ) ) ;
#731 = DATE_TIME_ROLE ( 'classification_date' ) ;
#732 = LINE ( 'NONE', #3130, #1989 ) ;
#733 = EDGE_CURVE ( 'NONE', #2232, #724, #1351, .T. ) ;
#734 = DIRECTION ( 'NONE',  ( 0.000000000000000000, -1.000000000000000000, 0.000000000000000000 ) ) ;
#735 = EDGE_LOOP ( 'NONE', ( #3262, #3003, #3399, #1979 ) ) ;
#736 = ORIENTED_EDGE ( 'NONE', *, *, #2906, .T. ) ;
#737 = AXIS2_PLACEMENT_3D ( 'NONE', #1253, #1809, #1829 ) ;
#738 = VERTEX_POINT ( 'NONE', #2321 ) ;
#739 = DIRECTION ( 'NONE',  ( 0.000000000000000000, 0.000000000000000000, 1.000000000000000000 ) ) ;
#740 = ADVANCED_FACE ( 'NONE', ( #3413 ), #2061, .F. ) ;
#741 = CARTESIAN_POINT ( 'NONE',  ( -0.1181102362204724532, 0.1299212598425196763, -0.1181102362204724532 ) ) ;
#742 = ORIENTED_EDGE ( 'NONE', *, *, #2534, .T. ) ;
#743 = DIRECTION ( 'NONE',  ( -1.000000000000000000, 0.000000000000000000, 0.000000000000000000 ) ) ;
#744 = VERTEX_POINT ( 'NONE', #1549 ) ;
#745 = ADVANCED_FACE ( 'NONE', ( #2619 ), #2286, .F. ) ;
#746 = CARTESIAN_POINT ( 'NONE',  ( -0.1181102362204724532, 0.1377952755905511861, 0.1122047244094488277 ) ) ;
#747 = DIRECTION ( 'NONE',  ( 1.000000000000000000, 0.000000000000000000, 0.000000000000000000 ) ) ;
#748 = DATE_TIME_ROLE ( 'creation_date' ) ;
#749 = CARTESIAN_POINT ( 'NONE',  ( 0.1181102362204724532, 0.03937007874015747977, 0.1023622047244094613 ) ) ;
#750 = PLANE ( 'NONE',  #1404 ) ;
#751 = ORIENTED_EDGE ( 'NONE', *, *, #1478, .F. ) ;
#752 = VERTEX_POINT ( 'NONE', #1034 ) ;
#753 = LINE ( 'NONE', #2165, #1968 ) ;
#754 = CARTESIAN_POINT ( 'NONE',  ( 0.000000000000000000, 0.2696850393700788162, 0.000000000000000000 ) ) ;
#755 = LINE ( 'NONE', #295, #1348 ) ;
#756 = ADVANCED_FACE ( 'NONE', ( #1050 ), #536, .T. ) ;
#757 = ADVANCED_FACE ( 'NONE', ( #3184 ), #12, .T. ) ;
#758 = ORIENTED_EDGE ( 'NONE', *, *, #1787, .F. ) ;
#759 = CARTESIAN_POINT ( 'NONE',  ( 0.1653543307086614567, 0.007874015748031495954, -0.1023622047244094613 ) ) ;
#760 = ORIENTED_EDGE ( 'NONE', *, *, #1914, .F. ) ;
#761 = EDGE_CURVE ( 'NONE', #2494, #118, #1019, .T. ) ;
#762 = VECTOR ( 'NONE', #2726, 39.37007874015748143 ) ;
#763 = CYLINDRICAL_SURFACE ( 'NONE', #668, 0.005905511811023620231 ) ;
#764 = DIRECTION ( 'NONE',  ( 0.000000000000000000, 0.000000000000000000, -1.000000000000000000 ) ) ;
#765 = ORGANIZATION ( 'UNSPECIFIED', 'UNSPECIFIED', '' ) ;
#766 = APPROVAL_ROLE ( '' ) ;
#767 = LINE ( 'NONE', #3247, #515 ) ;
#768 = DIRECTION ( 'NONE',  ( 0.000000000000000000, 0.000000000000000000, -1.000000000000000000 ) ) ;
#769 = ORIENTED_EDGE ( 'NONE', *, *, #1379, .T. ) ;
#770 = EDGE_LOOP ( 'NONE', ( #2269, #1021, #1146, #973 ) ) ;
#771 = CARTESIAN_POINT ( 'NONE',  ( 0.000000000000000000, 0.2755905511811023723, 0.05921257006065491768 ) ) ;
#772 = DIRECTION ( 'NONE',  ( 0.000000000000000000, -1.000000000000000000, 0.000000000000000000 ) ) ;
#773 = DIRECTION ( 'NONE',  ( 0.000000000000000000, -1.000000000000000000, 0.000000000000000000 ) ) ;
#774 = CARTESIAN_POINT ( 'NONE',  ( -0.1653543307086614567, 0.007874015748031495954, -0.07480314960629921850 ) ) ;
#775 = VECTOR ( 'NONE', #3340, 39.37007874015748143 ) ;
#776 = DIRECTION ( 'NONE',  ( 0.000000000000000000, 0.000000000000000000, -1.000000000000000000 ) ) ;
#777 = EDGE_CURVE ( 'NONE', #3149, #1334, #228, .T. ) ;
#778 = CIRCLE ( 'NONE', #3266, 0.02362204724409448092 ) ;
#779 = VERTEX_POINT ( 'NONE', #2654 ) ;
#780 = AXIS2_PLACEMENT_3D ( 'NONE', #3351, #368, #2825 ) ;
#781 = CARTESIAN_POINT ( 'NONE',  ( 0.1653543307086614567, -0.003937007874015747977, -0.1023622047244094613 ) ) ;
#782 = DIRECTION ( 'NONE',  ( 0.000000000000000000, 0.000000000000000000, -1.000000000000000000 ) ) ;
#783 = VECTOR ( 'NONE', #1516, 39.37007874015748143 ) ;
#784 = VECTOR ( 'NONE', #2752, 39.37007874015748143 ) ;
#785 = CARTESIAN_POINT ( 'NONE',  ( 0.1496062992125984370, 0.03149606299212598381, 0.07480314960629921850 ) ) ;
#786 = LINE ( 'NONE', #243, #496 ) ;
#787 = ORIENTED_EDGE ( 'NONE', *, *, #634, .T. ) ;
#788 = PRODUCT_RELATED_PRODUCT_CATEGORY ( 'detail', '', ( #2818 ) ) ;
#789 = ORIENTED_EDGE ( 'NONE', *, *, #1724, .T. ) ;
#790 = AXIS2_PLACEMENT_3D ( 'NONE', #3244, #3196, #500 ) ;
#791 = CARTESIAN_POINT ( 'NONE',  ( -0.1122047244094488277, 0.1377952755905511861, -0.1122047244094488277 ) ) ;
#792 = CARTESIAN_POINT ( 'NONE',  ( 0.1122047244094488277, 0.1299212598425196763, -0.1122047244094488277 ) ) ;
#793 = DIRECTION ( 'NONE',  ( 0.000000000000000000, -1.000000000000000000, 0.000000000000000000 ) ) ;
#794 = DIRECTION ( 'NONE',  ( 0.000000000000000000, 1.000000000000000000, 0.000000000000000000 ) ) ;
#795 = VECTOR ( 'NONE', #2684, 39.37007874015748143 ) ;
#796 = DIRECTION ( 'NONE',  ( -1.000000000000000000, 0.000000000000000000, 0.000000000000000000 ) ) ;
#797 = ORIENTED_EDGE ( 'NONE', *, *, #3379, .T. ) ;
#798 = EDGE_CURVE ( 'NONE', #3337, #2657, #1309, .T. ) ;
#799 = CARTESIAN_POINT ( 'NONE',  ( 0.1653543307086614567, 0.007874015748031495954, -0.07480314960629921850 ) ) ;
#800 = DIRECTION ( 'NONE',  ( 1.000000000000000000, 0.000000000000000000, 0.000000000000000000 ) ) ;
#801 = EDGE_CURVE ( 'NONE', #724, #2232, #2706, .T. ) ;
#802 = EDGE_CURVE ( 'NONE', #2305, #2843, #2919, .T. ) ;
#803 = CARTESIAN_POINT ( 'NONE',  ( -0.1181102362204724532, 0.1377952755905511861, -0.1181102362204724532 ) ) ;
#804 = CARTESIAN_POINT ( 'NONE',  ( -0.1653543307086614567, -0.003937007874015747977, 0.1023622047244094613 ) ) ;
#805 = VERTEX_POINT ( 'NONE', #2387 ) ;
#806 = CYLINDRICAL_SURFACE ( 'NONE', #2647, 0.01574803149606299885 ) ;
#807 = DIRECTION ( 'NONE',  ( 0.000000000000000000, 1.000000000000000000, 0.000000000000000000 ) ) ;
#808 = DIRECTION ( 'NONE',  ( 0.000000000000000000, -1.000000000000000000, 0.000000000000000000 ) ) ;
#809 = EDGE_CURVE ( 'NONE', #2451, #1822, #786, .T. ) ;
#810 = DIRECTION ( 'NONE',  ( -0.000000000000000000, -1.000000000000000000, -0.000000000000000000 ) ) ;
#811 = EDGE_LOOP ( 'NONE', ( #1731, #3381, #327, #566 ) ) ;
#812 = CYLINDRICAL_SURFACE ( 'NONE', #2184, 0.01574803149606299885 ) ;
#813 = CYLINDRICAL_SURFACE ( 'NONE', #2719, 0.005905511811023620231 ) ;
#814 = ORIENTED_EDGE ( 'NONE', *, *, #2772, .T. ) ;
#815 = AXIS2_PLACEMENT_3D ( 'NONE', #3222, #2423, #1103 ) ;
#816 = CARTESIAN_POINT ( 'NONE',  ( 0.1181102362204724532, 0.1377952755905511861, 0.1122047244094488277 ) ) ;
#817 = DIRECTION ( 'NONE',  ( 0.000000000000000000, 0.000000000000000000, -1.000000000000000000 ) ) ;
#818 = EDGE_LOOP ( 'NONE', ( #1190, #968, #2463, #1906 ) ) ;
#819 = EDGE_CURVE ( 'NONE', #1261, #1894, #2702, .T. ) ;
#820 = PLANE ( 'NONE',  #1107 ) ;
#821 = DIRECTION ( 'NONE',  ( 0.000000000000000000, 0.000000000000000000, 1.000000000000000000 ) ) ;
#822 = CARTESIAN_POINT ( 'NONE',  ( -0.1614173228346456879, 0.007874015748031495954, -0.07480314960629921850 ) ) ;
#823 = EDGE_CURVE ( 'NONE', #1408, #537, #1324, .T. ) ;
#824 = DIRECTION ( 'NONE',  ( 1.734723475976804925E-15, -1.000000000000000000, 0.000000000000000000 ) ) ;
#825 = CLOSED_SHELL ( 'NONE', ( #740, #3310, #863, #1552, #1743, #3386, #2910, #646, #1023, #1276, #24, #1768, #3145, #1350 ) ) ;
#826 = ORIENTED_EDGE ( 'NONE', *, *, #1631, .F. ) ;
#827 = VECTOR ( 'NONE', #2002, 39.37007874015748143 ) ;
#828 = CARTESIAN_POINT ( 'NONE',  ( -0.1535433070866141780, 0.02755905511811023584, 0.1023622047244094613 ) ) ;
#829 = ADVANCED_FACE ( 'NONE', ( #3167 ), #750, .F. ) ;
#830 = ORIENTED_EDGE ( 'NONE', *, *, #541, .T. ) ;
#831 = AXIS2_PLACEMENT_3D ( 'NONE', #2936, #483, #2111 ) ;
#832 = DIRECTION ( 'NONE',  ( 0.000000000000000000, 0.000000000000000000, -1.000000000000000000 ) ) ;
#833 = CARTESIAN_POINT ( 'NONE',  ( 0.1653543307086614567, 0.003937007874015747977, -0.1023622047244094613 ) ) ;
#834 = VERTEX_POINT ( 'NONE', #2686 ) ;
#835 = AXIS2_PLACEMENT_3D ( 'NONE', #296, #3065, #3292 ) ;
#836 = AXIS2_PLACEMENT_3D ( 'NONE', #424, #3160, #692 ) ;
#837 = VECTOR ( 'NONE', #2814, 39.37007874015748143 ) ;
#838 = EDGE_CURVE ( 'NONE', #1992, #118, #1339, .T. ) ;
#839 = PLANE ( 'NONE',  #2364 ) ;
#840 = CARTESIAN_POINT ( 'NONE',  ( -0.1653543307086614567, 0.007874015748031495954, 0.1023622047244094613 ) ) ;
#841 = LINE ( 'NONE', #1074, #2574 ) ;
#842 = CARTESIAN_POINT ( 'NONE',  ( -0.1181102362204724532, 0.1299212598425196763, 0.1181102362204724532 ) ) ;
#843 = VECTOR ( 'NONE', #2462, 39.37007874015748143 ) ;
#844 = EDGE_CURVE ( 'NONE', #1920, #707, #273, .T. ) ;
#845 = VECTOR ( 'NONE', #2701, 39.37007874015748143 ) ;
#846 = CYLINDRICAL_SURFACE ( 'NONE', #106, 0.01574803149606299191 ) ;
#847 = DATE_AND_TIME ( #1321, #207 ) ;
#848 = VERTEX_POINT ( 'NONE', #1288 ) ;
#849 = VERTEX_POINT ( 'NONE', #466 ) ;
#850 = DIRECTION ( 'NONE',  ( 0.000000000000000000, 0.000000000000000000, 1.000000000000000000 ) ) ;
#851 = DIRECTION ( 'NONE',  ( 0.000000000000000000, 0.000000000000000000, -1.000000000000000000 ) ) ;
#852 = DIRECTION ( 'NONE',  ( 0.000000000000000000, 0.000000000000000000, -1.000000000000000000 ) ) ;
#853 = ORIENTED_EDGE ( 'NONE', *, *, #502, .T. ) ;
#854 = CARTESIAN_POINT ( 'NONE',  ( 0.08858267716535433989, 0.1377952755905511861, 0.1122047244094488277 ) ) ;
#855 = DIRECTION ( 'NONE',  ( -1.000000000000000000, 0.000000000000000000, 0.000000000000000000 ) ) ;
#856 = DIRECTION ( 'NONE',  ( 0.000000000000000000, 1.000000000000000000, 0.000000000000000000 ) ) ;
#857 = CARTESIAN_POINT ( 'NONE',  ( -0.1496062992125984370, 0.03149606299212598381, 0.1023622047244094613 ) ) ;
#858 = ORIENTED_EDGE ( 'NONE', *, *, #186, .F. ) ;
#859 = PLANE ( 'NONE',  #2658 ) ;
#860 = EDGE_CURVE ( 'NONE', #2222, #126, #1564, .T. ) ;
#861 = EDGE_CURVE ( 'NONE', #2156, #1992, #2254, .T. ) ;
#862 = ORIENTED_EDGE ( 'NONE', *, *, #949, .F. ) ;
#863 = ADVANCED_FACE ( 'NONE', ( #3235 ), #1893, .T. ) ;
#864 = ORIENTED_EDGE ( 'NONE', *, *, #1908, .F. ) ;
#865 = CARTESIAN_POINT ( 'NONE',  ( 0.1496062992125984370, 0.03149606299212598381, 0.1023622047244094613 ) ) ;
#866 = DIRECTION ( 'NONE',  ( 1.000000000000000000, -1.734723475976804925E-15, 0.000000000000000000 ) ) ;
#867 = FACE_OUTER_BOUND ( 'NONE', #1223, .T. ) ;
#868 = EDGE_LOOP ( 'NONE', ( #37, #1296, #1929, #751 ) ) ;
#869 = AXIS2_PLACEMENT_3D ( 'NONE', #1431, #1414, #2490 ) ;
#870 = DIRECTION ( 'NONE',  ( 0.000000000000000000, 0.000000000000000000, -1.000000000000000000 ) ) ;
#871 = LINE ( 'NONE', #2791, #762 ) ;
#872 = FACE_BOUND ( 'NONE', #2800, .T. ) ;
#873 = FACE_OUTER_BOUND ( 'NONE', #2794, .T. ) ;
#874 = ORIENTED_EDGE ( 'NONE', *, *, #1807, .F. ) ;
#875 = FACE_OUTER_BOUND ( 'NONE', #614, .T. ) ;
#876 = ORIENTED_EDGE ( 'NONE', *, *, #281, .T. ) ;
#877 = EDGE_CURVE ( 'NONE', #1780, #970, #1919, .T. ) ;
#878 = ORIENTED_EDGE ( 'NONE', *, *, #622, .T. ) ;
#879 = ORIENTED_EDGE ( 'NONE', *, *, #2755, .F. ) ;
#880 = VECTOR ( 'NONE', #98, 39.37007874015748143 ) ;
#881 = ADVANCED_FACE ( 'NONE', ( #1978, #2192 ), #3264, .F. ) ;
#882 = DIRECTION ( 'NONE',  ( -1.000000000000000000, 0.000000000000000000, 7.228014483236699514E-17 ) ) ;
#883 = DIRECTION ( 'NONE',  ( 0.000000000000000000, -1.000000000000000000, 0.000000000000000000 ) ) ;
#884 = DIRECTION ( 'NONE',  ( 1.000000000000000000, 0.000000000000000000, 0.000000000000000000 ) ) ;
#885 = ORIENTED_EDGE ( 'NONE', *, *, #2906, .F. ) ;
#886 = CIRCLE ( 'NONE', #1866, 0.01574803149606299191 ) ;
#887 = ORIENTED_EDGE ( 'NONE', *, *, #1361, .T. ) ;
#889 = DIRECTION ( 'NONE',  ( -0.000000000000000000, 1.000000000000000000, 0.000000000000000000 ) ) ;
#888 = CC_DESIGN_PERSON_AND_ORGANIZATION_ASSIGNMENT ( #2124, #1286, ( #1222 ) ) ;
#890 = VECTOR ( 'NONE', #1750, 39.37007874015748143 ) ;
#891 = DIRECTION ( 'NONE',  ( 0.000000000000000000, -1.000000000000000000, 0.000000000000000000 ) ) ;
#892 = DIRECTION ( 'NONE',  ( 0.000000000000000000, 0.000000000000000000, -1.000000000000000000 ) ) ;
#893 = DIRECTION ( 'NONE',  ( 0.000000000000000000, 1.000000000000000000, 0.000000000000000000 ) ) ;
#894 = EDGE_LOOP ( 'NONE', ( #1429, #1152 ) ) ;
#895 = AXIS2_PLACEMENT_3D ( 'NONE', #391, #1249, #3391 ) ;
#896 = ADVANCED_FACE ( 'NONE', ( #867 ), #2486, .F. ) ;
#897 = DIRECTION ( 'NONE',  ( -1.000000000000000000, -1.016439536705159791E-16, 0.000000000000000000 ) ) ;
#898 = CIRCLE ( 'NONE', #1119, 0.01574803149606299885 ) ;
#899 = AXIS2_PLACEMENT_3D ( 'NONE', #2188, #1065, #1082 ) ;
#900 = ORIENTED_EDGE ( 'NONE', *, *, #129, .T. ) ;
#901 = CIRCLE ( 'NONE', #3338, 0.005905511811023620231 ) ;
#902 = VERTEX_POINT ( 'NONE', #2502 ) ;
#903 = EDGE_LOOP ( 'NONE', ( #2346, #2892, #2743, #617 ) ) ;
#904 = ADVANCED_FACE ( 'NONE', ( #620 ), #1407, .F. ) ;
#905 = LINE ( 'NONE', #2500, #1066 ) ;
#906 = CARTESIAN_POINT ( 'NONE',  ( 0.1496062992125984370, 0.03937007874015747977, 0.1023622047244094613 ) ) ;
#907 = CARTESIAN_POINT ( 'NONE',  ( 0.08858267716535433989, 0.1823374350353732243, 0.1043307086614173457 ) ) ;
#908 = ORIENTED_EDGE ( 'NONE', *, *, #386, .F. ) ;
#909 = EDGE_CURVE ( 'NONE', #369, #574, #79, .T. ) ;
#910 = ADVANCED_FACE ( 'NONE', ( #1719 ), #2753, .T. ) ;
#911 = DIRECTION ( 'NONE',  ( 0.000000000000000000, -1.000000000000000000, 0.000000000000000000 ) ) ;
#912 = LINE ( 'NONE', #99, #3141 ) ;
#913 = FACE_OUTER_BOUND ( 'NONE', #3173, .T. ) ;
#914 = DIRECTION ( 'NONE',  ( 0.000000000000000000, 1.000000000000000000, 0.000000000000000000 ) ) ;
#915 = ORIENTED_EDGE ( 'NONE', *, *, #877, .T. ) ;
#916 = CARTESIAN_POINT ( 'NONE',  ( 0.08858267716535433989, 0.1377952755905511861, 0.1043307086614173457 ) ) ;
#917 = ORIENTED_EDGE ( 'NONE', *, *, #3187, .T. ) ;
#918 = ORIENTED_EDGE ( 'NONE', *, *, #1787, .T. ) ;
#919 = ORIENTED_EDGE ( 'NONE', *, *, #20, .T. ) ;
#920 = CARTESIAN_POINT ( 'NONE',  ( 0.1614173228346456879, 0.007874015748031495954, -0.07480314960629921850 ) ) ;
#921 = CARTESIAN_POINT ( 'NONE',  ( 0.08858267716535433989, 0.1823374350353732243, -0.07283464566929134798 ) ) ;
#922 = CARTESIAN_POINT ( 'NONE',  ( 0.1181102362204724532, 0.03149606299212598381, 0.1023622047244094613 ) ) ;
#923 = EDGE_LOOP ( 'NONE', ( #473, #3372, #2288, #230 ) ) ;
#924 = ORIENTED_EDGE ( 'NONE', *, *, #224, .T. ) ;
#925 = DIRECTION ( 'NONE',  ( 0.000000000000000000, 0.000000000000000000, -1.000000000000000000 ) ) ;
#926 = CARTESIAN_POINT ( 'NONE',  ( 0.1653543307086614567, 0.007874015748031495954, 0.07480314960629921850 ) ) ;
#927 = ADVANCED_FACE ( 'NONE', ( #1944 ), #1959, .T. ) ;
#928 = CARTESIAN_POINT ( 'NONE',  ( -0.1968503937007874127, 0.003937007874015747977, -0.07480314960629921850 ) ) ;
#929 = ORIENTED_EDGE ( 'NONE', *, *, #370, .T. ) ;
#930 = ORIENTED_EDGE ( 'NONE', *, *, #1574, .F. ) ;
#931 = ORIENTED_EDGE ( 'NONE', *, *, #3502, .T. ) ;
#932 = DIRECTION ( 'NONE',  ( 1.000000000000000000, 0.000000000000000000, 0.000000000000000000 ) ) ;
#933 = EDGE_CURVE ( 'NONE', #999, #453, #1639, .T. ) ;
#934 = LINE ( 'NONE', #2873, #328 ) ;
#935 = ORIENTED_EDGE ( 'NONE', *, *, #645, .F. ) ;
#936 = ORIENTED_EDGE ( 'NONE', *, *, #2733, .F. ) ;
#937 = CARTESIAN_POINT ( 'NONE',  ( -0.1181102362204724532, 0.03937007874015747977, -0.07480314960629921850 ) ) ;
#938 = DIRECTION ( 'NONE',  ( 0.000000000000000000, 0.000000000000000000, 1.000000000000000000 ) ) ;
#939 = DIRECTION ( 'NONE',  ( 0.000000000000000000, 0.000000000000000000, 1.000000000000000000 ) ) ;
#940 = ORIENTED_EDGE ( 'NONE', *, *, #823, .T. ) ;
#941 = CIRCLE ( 'NONE', #491, 0.01574803149606299885 ) ;
#942 = DIRECTION ( 'NONE',  ( 0.000000000000000000, 0.000000000000000000, -1.000000000000000000 ) ) ;
#943 = DIRECTION ( 'NONE',  ( 0.000000000000000000, 0.000000000000000000, 1.000000000000000000 ) ) ;
#944 = CARTESIAN_POINT ( 'NONE',  ( 0.08858267716535433989, 0.1377952755905511861, 0.08858267716535433989 ) ) ;
#945 = PLANE ( 'NONE',  #1693 ) ;
#946 = VERTEX_POINT ( 'NONE', #304 ) ;
#947 = AXIS2_PLACEMENT_3D ( 'NONE', #1104, #1934, #1688 ) ;
#948 = EDGE_LOOP ( 'NONE', ( #1290, #1935, #517, #2355 ) ) ;
#949 = EDGE_CURVE ( 'NONE', #3455, #650, #2770, .T. ) ;
#950 = AXIS2_PLACEMENT_3D ( 'NONE', #2243, #1136, #2984 ) ;
#951 = VERTEX_POINT ( 'NONE', #2178 ) ;
#952 = DIRECTION ( 'NONE',  ( 0.000000000000000000, -1.000000000000000000, 0.000000000000000000 ) ) ;
#953 = DIRECTION ( 'NONE',  ( 0.000000000000000000, 0.000000000000000000, -1.000000000000000000 ) ) ;
#954 = VECTOR ( 'NONE', #3136, 39.37007874015748143 ) ;
#955 = EDGE_CURVE ( 'NONE', #2868, #274, #2787, .T. ) ;
#956 = VECTOR ( 'NONE', #2224, 39.37007874015748143 ) ;
#957 = VECTOR ( 'NONE', #2908, 39.37007874015748143 ) ;
#958 = ORIENTED_EDGE ( 'NONE', *, *, #761, .F. ) ;
#959 = AXIS2_PLACEMENT_3D ( 'NONE', #1031, #2683, #299 ) ;
#960 = VERTEX_POINT ( 'NONE', #1151 ) ;
#961 = AXIS2_PLACEMENT_3D ( 'NONE', #1198, #1415, #123 ) ;
#962 = LINE ( 'NONE', #462, #2099 ) ;
#963 = CARTESIAN_POINT ( 'NONE',  ( -0.1181102362204724532, 0.03149606299212598381, -0.1023622047244094613 ) ) ;
#964 = LINE ( 'NONE', #2596, #890 ) ;
#965 = ADVANCED_FACE ( 'NONE', ( #3315 ), #352, .T. ) ;
#966 = LINE ( 'NONE', #1467, #1797 ) ;
#967 = CARTESIAN_POINT ( 'NONE',  ( 0.000000000000000000, 0.1377952755905511861, 0.000000000000000000 ) ) ;
#968 = ORIENTED_EDGE ( 'NONE', *, *, #2302, .F. ) ;
#969 = EDGE_LOOP ( 'NONE', ( #2521, #918 ) ) ;
#970 = VERTEX_POINT ( 'NONE', #833 ) ;
#971 = DIRECTION ( 'NONE',  ( -0.000000000000000000, -1.000000000000000000, -0.000000000000000000 ) ) ;
#972 = CARTESIAN_POINT ( 'NONE',  ( 0.1181102362204724532, 0.1377952755905511861, 0.1122047244094488277 ) ) ;
#973 = ORIENTED_EDGE ( 'NONE', *, *, #1371, .T. ) ;
#974 = EDGE_CURVE ( 'NONE', #2914, #2560, #1392, .T. ) ;
#975 = ORIENTED_EDGE ( 'NONE', *, *, #3291, .F. ) ;
#976 = PLANE ( 'NONE',  #836 ) ;
#977 = DIRECTION ( 'NONE',  ( 1.000000000000000000, 0.000000000000000000, 0.000000000000000000 ) ) ;
#978 = ADVANCED_FACE ( 'NONE', ( #551 ), #290, .T. ) ;
#979 = CYLINDRICAL_SURFACE ( 'NONE', #3448, 0.02362204724409448092 ) ;
#980 = CARTESIAN_POINT ( 'NONE',  ( -0.08858267716535433989, 0.1377952755905511861, 0.08858267716535433989 ) ) ;
#981 = CARTESIAN_POINT ( 'NONE',  ( -0.08858267716535433989, 0.1299212598425196763, -0.08858267716535433989 ) ) ;
#982 = ORIENTED_EDGE ( 'NONE', *, *, #1154, .F. ) ;
#983 = EDGE_LOOP ( 'NONE', ( #2515, #2747, #3155, #1873 ) ) ;
#984 = EDGE_LOOP ( 'NONE', ( #2312, #3324, #2634, #2031 ) ) ;
#985 = CARTESIAN_POINT ( 'NONE',  ( 0.1181102362204724532, 0.03149606299212598381, 0.1023622047244094613 ) ) ;
#986 = DIRECTION ( 'NONE',  ( 0.000000000000000000, 0.000000000000000000, 1.000000000000000000 ) ) ;
#987 = AXIS2_PLACEMENT_3D ( 'NONE', #2974, #807, #1314 ) ;
#988 = ORIENTED_EDGE ( 'NONE', *, *, #1533, .T. ) ;
#989 = VECTOR ( 'NONE', #656, 39.37007874015748143 ) ;
#990 = EDGE_LOOP ( 'NONE', ( #23, #2341, #3095, #616, #2083, #1159, #3259, #1202 ) ) ;
#991 = SECURITY_CLASSIFICATION ( '', '', #3482 ) ;
#992 = EDGE_CURVE ( 'NONE', #3294, #3137, #2723, .T. ) ;
#993 = CARTESIAN_POINT ( 'NONE',  ( -0.1653543307086614567, 0.003937007874015747977, 0.07480314960629921850 ) ) ;
#994 = DIRECTION ( 'NONE',  ( -0.000000000000000000, 1.000000000000000000, 0.000000000000000000 ) ) ;
#995 = DIRECTION ( 'NONE',  ( 0.000000000000000000, 0.000000000000000000, 1.000000000000000000 ) ) ;
#996 = EDGE_CURVE ( 'NONE', #1987, #333, #27, .T. ) ;
#997 = CARTESIAN_POINT ( 'NONE',  ( 0.1122047244094488277, 0.1377952755905511861, -0.1122047244094488277 ) ) ;
#998 = CYLINDRICAL_SURFACE ( 'NONE', #1528, 0.003937007874015758385 ) ;
#999 = VERTEX_POINT ( 'NONE', #710 ) ;
#1000 = EDGE_LOOP ( 'NONE', ( #211, #2447, #2069, #2096 ) ) ;
#1001 = CIRCLE ( 'NONE', #1455, 0.003937007874015741038 ) ;
#1002 = VERTEX_POINT ( 'NONE', #3371 ) ;
#1003 = AXIS2_PLACEMENT_3D ( 'NONE', #3112, #1196, #1212 ) ;
#1004 = DIRECTION ( 'NONE',  ( 0.000000000000000000, 1.000000000000000000, 0.000000000000000000 ) ) ;
#1005 = DIRECTION ( 'NONE',  ( 0.000000000000000000, 0.000000000000000000, 1.000000000000000000 ) ) ;
#1006 = AXIS2_PLACEMENT_3D ( 'NONE', #2736, #337, #598 ) ;
#1007 = ORIENTED_EDGE ( 'NONE', *, *, #3233, .F. ) ;
#1008 = CARTESIAN_POINT ( 'NONE',  ( -0.08858267716535433989, 0.1377952755905511861, -0.1043307086614173457 ) ) ;
#1009 = VECTOR ( 'NONE', #1713, 39.37007874015748143 ) ;
#1010 = ADVANCED_FACE ( 'NONE', ( #2279 ), #117, .T. ) ;
#1011 = VERTEX_POINT ( 'NONE', #2559 ) ;
#1012 = CIRCLE ( 'NONE', #3164, 0.01574803149606299885 ) ;
#1013 = AXIS2_PLACEMENT_3D ( 'NONE', #3437, #773, #1850 ) ;
#1014 = DIRECTION ( 'NONE',  ( 0.000000000000000000, 0.000000000000000000, -1.000000000000000000 ) ) ;
#1015 = CARTESIAN_POINT ( 'NONE',  ( 0.08858267716535433989, 0.1377952755905511861, -0.08858267716535433989 ) ) ;
#1016 = VECTOR ( 'NONE', #796, 39.37007874015748143 ) ;
#1017 = COORDINATED_UNIVERSAL_TIME_OFFSET ( 0, 0, .AHEAD. ) ;
#1018 = DIRECTION ( 'NONE',  ( 0.000000000000000000, 0.000000000000000000, 1.000000000000000000 ) ) ;
#1019 = LINE ( 'NONE', #3199, #46 ) ;
#1020 = ORIENTED_EDGE ( 'NONE', *, *, #2238, .F. ) ;
#1021 = ORIENTED_EDGE ( 'NONE', *, *, #2534, .F. ) ;
#1022 = ADVANCED_FACE ( 'NONE', ( #637 ), #677, .F. ) ;
#1023 = ADVANCED_FACE ( 'NONE', ( #1546 ), #2577, .F. ) ;
#1024 = FACE_OUTER_BOUND ( 'NONE', #3218, .T. ) ;
#1025 = DIRECTION ( 'NONE',  ( 0.000000000000000000, -1.000000000000000000, 0.000000000000000000 ) ) ;
#1026 = CARTESIAN_POINT ( 'NONE',  ( 0.1181102362204724532, 0.03149606299212598381, -0.07480314960629921850 ) ) ;
#1027 = VERTEX_POINT ( 'NONE', #2337 ) ;
#1028 = CARTESIAN_POINT ( 'NONE',  ( -0.08858267716535433989, 0.1377952755905511861, -0.06496062992125986590 ) ) ;
#1029 = ORIENTED_EDGE ( 'NONE', *, *, #701, .T. ) ;
#1030 = FACE_OUTER_BOUND ( 'NONE', #2774, .T. ) ;
#1031 = CARTESIAN_POINT ( 'NONE',  ( 0.1535433070866141780, 0.02755905511811023584, -0.1023622047244094613 ) ) ;
#1032 = PERSON_AND_ORGANIZATION_ROLE ( 'classification_officer' ) ;
#1033 = CYLINDRICAL_SURFACE ( 'NONE', #2381, 0.01574803149606299191 ) ;
#1034 = CARTESIAN_POINT ( 'NONE',  ( -0.08858267716535433989, 0.1377952755905511861, -0.07283464566929134798 ) ) ;
#1035 = ORIENTED_EDGE ( 'NONE', *, *, #271, .T. ) ;
#1036 = ORIENTED_EDGE ( 'NONE', *, *, #2510, .F. ) ;
#1037 = ADVANCED_FACE ( 'NONE', ( #2846 ), #156, .T. ) ;
#1038 = ORIENTED_EDGE ( 'NONE', *, *, #1283, .F. ) ;
#1039 = DIRECTION ( 'NONE',  ( 0.000000000000000000, 0.000000000000000000, 1.000000000000000000 ) ) ;
#1040 = CARTESIAN_POINT ( 'NONE',  ( -0.1535433070866141780, 0.02755905511811023584, -0.07480314960629921850 ) ) ;
#1041 = DIRECTION ( 'NONE',  ( 0.000000000000000000, 0.000000000000000000, -1.000000000000000000 ) ) ;
#1042 = DIRECTION ( 'NONE',  ( 0.000000000000000000, 0.000000000000000000, 1.000000000000000000 ) ) ;
#1043 = CIRCLE ( 'NONE', #1218, 0.005905511811023620231 ) ;
#1044 = VERTEX_POINT ( 'NONE', #136 ) ;
#1045 = CYLINDRICAL_SURFACE ( 'NONE', #2690, 0.02362204724409448092 ) ;
#1046 = CARTESIAN_POINT ( 'NONE',  ( -0.1122047244094488277, 0.1299212598425196763, 0.1181102362204724532 ) ) ;
#1047 = AXIS2_PLACEMENT_3D ( 'NONE', #122, #2089, #1776 ) ;
#1048 = COORDINATED_UNIVERSAL_TIME_OFFSET ( 0, 0, .AHEAD. ) ;
#1049 = DIRECTION ( 'NONE',  ( 0.000000000000000000, -1.000000000000000000, 0.000000000000000000 ) ) ;
#1050 = FACE_OUTER_BOUND ( 'NONE', #441, .T. ) ;
#1051 = ORIENTED_EDGE ( 'NONE', *, *, #2954, .T. ) ;
#1052 = VERTEX_POINT ( 'NONE', #3144 ) ;
#1053 = FACE_OUTER_BOUND ( 'NONE', #2276, .T. ) ;
#1054 = PLANE ( 'NONE',  #987 ) ;
#1055 = SPHERICAL_SURFACE ( 'NONE', #2946, 0.03937007874015747977 ) ;
#1056 = CARTESIAN_POINT ( 'NONE',  ( 0.1968503937007874127, 0.003937007874015747977, -0.1023622047244094613 ) ) ;
#1057 = EDGE_CURVE ( 'NONE', #3137, #3347, #604, .T. ) ;
#1058 = VECTOR ( 'NONE', #1446, 39.37007874015748143 ) ;
#1059 = CARTESIAN_POINT ( 'NONE',  ( 0.08858267716535433989, 0.1377952755905511861, 0.07283464566929134798 ) ) ;
#1060 = EDGE_CURVE ( 'NONE', #2403, #2372, #3044, .T. ) ;
#1061 = EDGE_CURVE ( 'NONE', #633, #1434, #1530, .T. ) ;
#1062 = VERTEX_POINT ( 'NONE', #3393 ) ;
#1063 = AXIS2_PLACEMENT_3D ( 'NONE', #1700, #1426, #1666 ) ;
#1064 = DIRECTION ( 'NONE',  ( 0.000000000000000000, -1.000000000000000000, 0.000000000000000000 ) ) ;
#1065 = DIRECTION ( 'NONE',  ( 0.000000000000000000, 1.000000000000000000, 0.000000000000000000 ) ) ;
#1066 = VECTOR ( 'NONE', #77, 39.37007874015748143 ) ;
#1067 = AXIS2_PLACEMENT_3D ( 'NONE', #1144, #282, #1951 ) ;
#1068 = AXIS2_PLACEMENT_3D ( 'NONE', #676, #994, #223 ) ;
#1069 = DIRECTION ( 'NONE',  ( 0.000000000000000000, 1.000000000000000000, 0.000000000000000000 ) ) ;
#1070 = DIRECTION ( 'NONE',  ( 0.000000000000000000, 0.000000000000000000, 1.000000000000000000 ) ) ;
#1071 = VERTEX_POINT ( 'NONE', #1522 ) ;
#1072 = VECTOR ( 'NONE', #493, 39.37007874015748143 ) ;
#1073 = CARTESIAN_POINT ( 'NONE',  ( 0.000000000000000000, 0.2696850393700788162, 0.05921257006065491768 ) ) ;
#1074 = CARTESIAN_POINT ( 'NONE',  ( -0.1653543307086614567, 0.003937007874015747977, 0.1023622047244094613 ) ) ;
#1075 = LINE ( 'NONE', #2678, #2543 ) ;
#1076 = DIRECTION ( 'NONE',  ( 0.000000000000000000, -1.000000000000000000, 0.000000000000000000 ) ) ;
#1077 = VECTOR ( 'NONE', #2935, 39.37007874015748143 ) ;
#1078 = DIRECTION ( 'NONE',  ( 0.000000000000000000, -1.000000000000000000, 0.000000000000000000 ) ) ;
#1079 = ORIENTED_EDGE ( 'NONE', *, *, #2024, .T. ) ;
#1080 = EDGE_CURVE ( 'NONE', #2360, #2356, #964, .T. ) ;
#1081 = FACE_OUTER_BOUND ( 'NONE', #818, .T. ) ;
#1082 = DIRECTION ( 'NONE',  ( 0.000000000000000000, 0.000000000000000000, 1.000000000000000000 ) ) ;
#1083 = EDGE_LOOP ( 'NONE', ( #3472, #2929, #2957, #3352 ) ) ;
#1084 = EDGE_CURVE ( 'NONE', #2920, #266, #2057, .T. ) ;
#1085 = DIRECTION ( 'NONE',  ( 1.000000000000000000, 0.000000000000000000, 0.000000000000000000 ) ) ;
#1086 = DIRECTION ( 'NONE',  ( 0.000000000000000000, -1.000000000000000000, 0.000000000000000000 ) ) ;
#1087 = ORIENTED_EDGE ( 'NONE', *, *, #1057, .T. ) ;
#1088 = ORIENTED_EDGE ( 'NONE', *, *, #139, .T. ) ;
#1089 = DIRECTION ( 'NONE',  ( -1.000000000000000000, 0.000000000000000000, 0.000000000000000000 ) ) ;
#1090 = CARTESIAN_POINT ( 'NONE',  ( 0.1122047244094488277, 0.1299212598425196763, 0.1122047244094488277 ) ) ;
#1091 = CARTESIAN_POINT ( 'NONE',  ( 0.1614173228346456879, 0.02755905511811023584, 0.07480314960629921850 ) ) ;
#1092 = ORIENTED_EDGE ( 'NONE', *, *, #3494, .T. ) ;
#1093 = DIRECTION ( 'NONE',  ( 0.000000000000000000, 0.000000000000000000, 1.000000000000000000 ) ) ;
#1094 = DIRECTION ( 'NONE',  ( 0.000000000000000000, 0.000000000000000000, -1.000000000000000000 ) ) ;
#1095 = VERTEX_POINT ( 'NONE', #922 ) ;
#1096 = ADVANCED_FACE ( 'NONE', ( #1790 ), #446, .T. ) ;
#1097 = CIRCLE ( 'NONE', #2514, 0.003937007874015741038 ) ;
#1098 = DIRECTION ( 'NONE',  ( 1.000000000000000000, 0.000000000000000000, 0.000000000000000000 ) ) ;
#1099 = CARTESIAN_POINT ( 'NONE',  ( -0.1653543307086614567, 0.003937007874015747977, 0.07480314960629921850 ) ) ;
#1100 = ORIENTED_EDGE ( 'NONE', *, *, #601, .T. ) ;
#1101 = DIRECTION ( 'NONE',  ( 0.000000000000000000, -1.000000000000000000, 0.000000000000000000 ) ) ;
#1102 = LINE ( 'NONE', #571, #584 ) ;
#1103 = DIRECTION ( 'NONE',  ( 0.000000000000000000, 0.000000000000000000, 1.000000000000000000 ) ) ;
#1104 = CARTESIAN_POINT ( 'NONE',  ( 0.1496062992125984370, 0.02755905511811023584, 0.1023622047244094613 ) ) ;
#1105 = LINE ( 'NONE', #3275, #2763 ) ;
#1106 = EDGE_CURVE ( 'NONE', #523, #2163, #2863, .T. ) ;
#1107 = AXIS2_PLACEMENT_3D ( 'NONE', #1896, #2129, #2148 ) ;
#1108 = APPLICATION_PROTOCOL_DEFINITION ( 'international standard', 'config_control_design', 1994, #2497 ) ;
#1109 = VECTOR ( 'NONE', #2151, 39.37007874015748143 ) ;
#1110 = DIRECTION ( 'NONE',  ( 7.228014483236699514E-17, 0.000000000000000000, 1.000000000000000000 ) ) ;
#1111 = ORIENTED_EDGE ( 'NONE', *, *, #502, .F. ) ;
#1112 = ORIENTED_EDGE ( 'NONE', *, *, #1106, .T. ) ;
#1113 = VECTOR ( 'NONE', #1115, 39.37007874015748143 ) ;
#1114 = DIRECTION ( 'NONE',  ( -1.000000000000000000, 0.000000000000000000, 0.000000000000000000 ) ) ;
#1115 = DIRECTION ( 'NONE',  ( 0.000000000000000000, 0.000000000000000000, 1.000000000000000000 ) ) ;
#1116 = ORIENTED_EDGE ( 'NONE', *, *, #3339, .T. ) ;
#1117 = CIRCLE ( 'NONE', #52, 0.01574803149606299191 ) ;
#1118 = CONICAL_SURFACE ( 'NONE', #533, 0.06496062992125985203, 0.02702044918726474385 ) ;
#1119 = AXIS2_PLACEMENT_3D ( 'NONE', #116, #1192, #2278 ) ;
#1120 = DIRECTION ( 'NONE',  ( 0.000000000000000000, 1.000000000000000000, 0.000000000000000000 ) ) ;
#1121 = PLANE ( 'NONE',  #202 ) ;
#1122 = FACE_OUTER_BOUND ( 'NONE', #3008, .T. ) ;
#1123 = ADVANCED_FACE ( 'NONE', ( #1193 ), #979, .T. ) ;
#1124 = EDGE_CURVE ( 'NONE', #1062, #1672, #394, .T. ) ;
#1125 = CARTESIAN_POINT ( 'NONE',  ( 0.1653543307086614567, -0.003937007874015747977, 0.1023622047244094613 ) ) ;
#1126 = VERTEX_POINT ( 'NONE', #1461 ) ;
#1127 = VECTOR ( 'NONE', #776, 39.37007874015748143 ) ;
#1128 = VECTOR ( 'NONE', #2601, 39.37007874015748143 ) ;
#1129 = FACE_OUTER_BOUND ( 'NONE', #3186, .T. ) ;
#1130 = EDGE_CURVE ( 'NONE', #1002, #1616, #653, .T. ) ;
#1131 = PERSON_AND_ORGANIZATION ( #1504, #765 ) ;
#1132 = EDGE_LOOP ( 'NONE', ( #858, #2591, #940, #3194 ) ) ;
#1133 = ORIENTED_EDGE ( 'NONE', *, *, #1243, .T. ) ;
#1134 = DIRECTION ( 'NONE',  ( 0.000000000000000000, 0.000000000000000000, 1.000000000000000000 ) ) ;
#1135 = FACE_OUTER_BOUND ( 'NONE', #1083, .T. ) ;
#1136 = DIRECTION ( 'NONE',  ( 0.000000000000000000, 0.000000000000000000, 1.000000000000000000 ) ) ;
#1137 = VERTEX_POINT ( 'NONE', #191 ) ;
#1138 = LINE ( 'NONE', #292, #3040 ) ;
#1139 = LINE ( 'NONE', #2266, #3026 ) ;
#1140 = CARTESIAN_POINT ( 'NONE',  ( -0.08858267716535433989, 0.1377952755905511861, -0.08858267716535433989 ) ) ;
#1141 = FACE_OUTER_BOUND ( 'NONE', #990, .T. ) ;
#1142 = ORIENTED_EDGE ( 'NONE', *, *, #3250, .F. ) ;
#1143 = EDGE_CURVE ( 'NONE', #2560, #2340, #1266, .T. ) ;
#1144 = CARTESIAN_POINT ( 'NONE',  ( -0.1122047244094488277, 0.000000000000000000, 0.1122047244094488277 ) ) ;
#1145 = EDGE_CURVE ( 'NONE', #1796, #1205, #3429, .T. ) ;
#1146 = ORIENTED_EDGE ( 'NONE', *, *, #497, .F. ) ;
#1147 = EDGE_LOOP ( 'NONE', ( #1036, #908 ) ) ;
#1148 = APPROVAL ( #241, 'UNSPECIFIED' ) ;
#1149 = DIRECTION ( 'NONE',  ( 1.000000000000000000, 0.000000000000000000, 0.000000000000000000 ) ) ;
#1150 = CARTESIAN_POINT ( 'NONE',  ( -0.1653543307086614567, 0.007874015748031495954, -0.1023622047244094613 ) ) ;
#1151 = CARTESIAN_POINT ( 'NONE',  ( -0.1496062992125984370, 0.03149606299212598381, 0.07480314960629921850 ) ) ;
#1152 = ORIENTED_EDGE ( 'NONE', *, *, #1061, .F. ) ;
#1153 = AXIS2_PLACEMENT_3D ( 'NONE', #1619, #1039, #2677 ) ;
#1154 = EDGE_CURVE ( 'NONE', #1137, #3344, #3121, .T. ) ;
#1155 = LINE ( 'NONE', #2245, #1345 ) ;
#1156 = CARTESIAN_POINT ( 'NONE',  ( -0.1496062992125984370, 0.02755905511811023584, 0.1023622047244094613 ) ) ;
#1157 = DIRECTION ( 'NONE',  ( 0.000000000000000000, 0.000000000000000000, -1.000000000000000000 ) ) ;
#1158 = DIRECTION ( 'NONE',  ( 0.000000000000000000, 1.000000000000000000, 0.000000000000000000 ) ) ;
#1159 = ORIENTED_EDGE ( 'NONE', *, *, #3170, .T. ) ;
#1160 = EDGE_CURVE ( 'NONE', #2613, #1263, #703, .T. ) ;
#1161 = DIRECTION ( 'NONE',  ( 1.000000000000000000, 0.000000000000000000, 0.000000000000000000 ) ) ;
#1162 = ADVANCED_FACE ( 'NONE', ( #2328 ), #1204, .T. ) ;
#1163 = VERTEX_POINT ( 'NONE', #2309 ) ;
#1164 = ADVANCED_FACE ( 'NONE', ( #1800 ), #3384, .F. ) ;
#1165 = EDGE_CURVE ( 'NONE', #3344, #1501, #3163, .T. ) ;
#1166 = VERTEX_POINT ( 'NONE', #2344 ) ;
#1167 = VECTOR ( 'NONE', #3319, 39.37007874015748143 ) ;
#1168 = VERTEX_POINT ( 'NONE', #3152 ) ;
#1169 = AXIS2_PLACEMENT_3D ( 'NONE', #1449, #589, #310 ) ;
#1170 = PLANE ( 'NONE',  #2481 ) ;
#1171 = DIRECTION ( 'NONE',  ( 0.000000000000000000, -1.000000000000000000, 0.000000000000000000 ) ) ;
#1172 = DIRECTION ( 'NONE',  ( 0.000000000000000000, -1.000000000000000000, 0.000000000000000000 ) ) ;
#1173 = ORIENTED_EDGE ( 'NONE', *, *, #1703, .T. ) ;
#1174 = VECTOR ( 'NONE', #258, 39.37007874015748143 ) ;
#1175 = CARTESIAN_POINT ( 'NONE',  ( 0.08858267716535433989, 0.1456692913385826960, -0.06496062992125986590 ) ) ;
#1176 = AXIS2_PLACEMENT_3D ( 'NONE', #2840, #1783, #3438 ) ;
#1177 = CARTESIAN_POINT ( 'NONE',  ( 0.1614173228346456879, 0.02755905511811023584, -0.1023622047244094613 ) ) ;
#1178 = DIRECTION ( 'NONE',  ( 0.000000000000000000, 0.000000000000000000, -1.000000000000000000 ) ) ;
#1179 = CARTESIAN_POINT ( 'NONE',  ( -0.1535433070866141780, 0.02755905511811023584, -0.1023622047244094613 ) ) ;
#1180 = EDGE_CURVE ( 'NONE', #1794, #2356, #2857, .T. ) ;
#1181 = ORIENTED_EDGE ( 'NONE', *, *, #4, .F. ) ;
#1182 = AXIS2_PLACEMENT_3D ( 'NONE', #3263, #350, #850 ) ;
#1183 = VECTOR ( 'NONE', #1606, 39.37007874015748143 ) ;
#1184 = DIRECTION ( 'NONE',  ( 0.000000000000000000, -1.000000000000000000, 0.000000000000000000 ) ) ;
#1185 = VECTOR ( 'NONE', #2900, 39.37007874015748143 ) ;
#1186 = AXIS2_PLACEMENT_3D ( 'NONE', #2428, #1078, #2169 ) ;
#1187 = EDGE_LOOP ( 'NONE', ( #1200, #2573, #2688, #2937 ) ) ;
#1188 = AXIS2_PLACEMENT_3D ( 'NONE', #1140, #325, #2247 ) ;
#1189 = EDGE_LOOP ( 'NONE', ( #3365, #1759, #1440, #2227 ) ) ;
#1190 = ORIENTED_EDGE ( 'NONE', *, *, #1814, .F. ) ;
#1191 = DIRECTION ( 'NONE',  ( 0.000000000000000000, 1.000000000000000000, 0.000000000000000000 ) ) ;
#1192 = DIRECTION ( 'NONE',  ( 0.000000000000000000, 1.000000000000000000, 0.000000000000000000 ) ) ;
#1193 = FACE_OUTER_BOUND ( 'NONE', #3454, .T. ) ;
#1194 = EDGE_LOOP ( 'NONE', ( #2995, #931, #3158, #2185 ) ) ;
#1195 = EDGE_CURVE ( 'NONE', #417, #2468, #934, .T. ) ;
#1196 = DIRECTION ( 'NONE',  ( 0.000000000000000000, 1.000000000000000000, 0.000000000000000000 ) ) ;
#1197 = DIRECTION ( 'NONE',  ( 0.000000000000000000, 0.000000000000000000, -1.000000000000000000 ) ) ;
#1198 = CARTESIAN_POINT ( 'NONE',  ( 0.1122047244094488277, 0.1299212598425196763, 0.1122047244094488277 ) ) ;
#1199 = CARTESIAN_POINT ( 'NONE',  ( -0.08858267716535433989, 0.1377952755905511861, -0.08858267716535433989 ) ) ;
#1200 = ORIENTED_EDGE ( 'NONE', *, *, #224, .F. ) ;
#1201 = ORIENTED_EDGE ( 'NONE', *, *, #3075, .T. ) ;
#1202 = ORIENTED_EDGE ( 'NONE', *, *, #2396, .T. ) ;
#1203 = LINE ( 'NONE', #664, #610 ) ;
#1204 = CYLINDRICAL_SURFACE ( 'NONE', #170, 0.01181102362204725781 ) ;
#1205 = VERTEX_POINT ( 'NONE', #1275 ) ;
#1206 = ORIENTED_EDGE ( 'NONE', *, *, #3416, .T. ) ;
#1207 = CARTESIAN_POINT ( 'NONE',  ( 0.1968503937007874127, -0.003937007874015747977, 0.1023622047244094613 ) ) ;
#1208 = CARTESIAN_POINT ( 'NONE',  ( -0.1181102362204724532, 0.03937007874015747977, 0.07480314960629921850 ) ) ;
#1209 = CARTESIAN_POINT ( 'NONE',  ( 0.1122047244094488277, 0.000000000000000000, -0.1122047244094488277 ) ) ;
#1210 = EDGE_LOOP ( 'NONE', ( #1615, #1518, #3462, #1882 ) ) ;
#1211 = EDGE_CURVE ( 'NONE', #1289, #537, #3104, .T. ) ;
#1212 = DIRECTION ( 'NONE',  ( 0.000000000000000000, 0.000000000000000000, 1.000000000000000000 ) ) ;
#1213 = DIRECTION ( 'NONE',  ( -0.000000000000000000, -1.000000000000000000, -0.000000000000000000 ) ) ;
#1214 = CARTESIAN_POINT ( 'NONE',  ( 0.1653543307086614567, 0.007874015748031495954, 0.07480314960629921850 ) ) ;
#1215 = DIRECTION ( 'NONE',  ( -1.734723475976804925E-15, 1.000000000000000000, 0.000000000000000000 ) ) ;
#1216 = ORIENTED_EDGE ( 'NONE', *, *, #247, .F. ) ;
#1217 = ORIENTED_EDGE ( 'NONE', *, *, #283, .T. ) ;
#1218 = AXIS2_PLACEMENT_3D ( 'NONE', #1656, #2727, #1984 ) ;
#1219 = ORIENTED_EDGE ( 'NONE', *, *, #17, .F. ) ;
#1220 = CARTESIAN_POINT ( 'NONE',  ( 0.08858267716535433989, 0.1299212598425196763, -0.1043307086614173457 ) ) ;
#1221 = CARTESIAN_POINT ( 'NONE',  ( -0.1614173228346456879, 0.02755905511811023584, -0.1023622047244094613 ) ) ;
#1222 = PRODUCT_DEFINITION_FORMATION_WITH_SPECIFIED_SOURCE ( 'ANY', '', #2818, .NOT_KNOWN. ) ;
#1223 = EDGE_LOOP ( 'NONE', ( #3150, #2179, #2628, #1201 ) ) ;
#1224 = EDGE_CURVE ( 'NONE', #2655, #1095, #722, .T. ) ;
#1225 = ORIENTED_EDGE ( 'NONE', *, *, #497, .T. ) ;
#1226 = DIRECTION ( 'NONE',  ( 0.000000000000000000, 0.000000000000000000, 1.000000000000000000 ) ) ;
#1227 = CARTESIAN_POINT ( 'NONE',  ( -0.1181102362204724532, 0.1299212598425196763, 0.1181102362204724532 ) ) ;
#1228 = DIRECTION ( 'NONE',  ( 0.000000000000000000, 1.000000000000000000, 0.000000000000000000 ) ) ;
#1229 = VECTOR ( 'NONE', #911, 39.37007874015748143 ) ;
#1230 = LINE ( 'NONE', #263, #1109 ) ;
#1231 = CARTESIAN_POINT ( 'NONE',  ( -0.1653543307086614567, 0.007874015748031495954, 0.1023622047244094613 ) ) ;
#1232 = LINE ( 'NONE', #2320, #2104 ) ;
#1233 = DIRECTION ( 'NONE',  ( 0.000000000000000000, 0.000000000000000000, 1.000000000000000000 ) ) ;
#1234 = ORIENTED_EDGE ( 'NONE', *, *, #861, .T. ) ;
#1235 = VECTOR ( 'NONE', #1505, 39.37007874015748143 ) ;
#1236 = ORIENTED_EDGE ( 'NONE', *, *, #594, .T. ) ;
#1237 = AXIS2_PLACEMENT_3D ( 'NONE', #1251, #1772, #1996 ) ;
#1238 = EDGE_CURVE ( 'NONE', #2920, #2926, #458, .T. ) ;
#1239 = ORIENTED_EDGE ( 'NONE', *, *, #88, .T. ) ;
#1240 = DIRECTION ( 'NONE',  ( 0.000000000000000000, 0.000000000000000000, 1.000000000000000000 ) ) ;
#1241 = CARTESIAN_POINT ( 'NONE',  ( 0.08858267716535433989, 0.1299212598425196763, 0.08858267716535433989 ) ) ;
#1242 = VECTOR ( 'NONE', #2624, 39.37007874015748143 ) ;
#1243 = EDGE_CURVE ( 'NONE', #2607, #2360, #1702, .T. ) ;
#1244 = AXIS2_PLACEMENT_3D ( 'NONE', #3189, #3174, #2358 ) ;
#1245 = VERTEX_POINT ( 'NONE', #2894 ) ;
#1246 = CIRCLE ( 'NONE', #388, 0.02362204724409448092 ) ;
#1247 = ORIENTED_EDGE ( 'NONE', *, *, #432, .T. ) ;
#1248 = CIRCLE ( 'NONE', #3059, 0.01181102362204724046 ) ;
#1249 = DIRECTION ( 'NONE',  ( 0.000000000000000000, 1.000000000000000000, 0.000000000000000000 ) ) ;
#1250 = DIRECTION ( 'NONE',  ( 0.000000000000000000, 0.000000000000000000, 1.000000000000000000 ) ) ;
#1251 = CARTESIAN_POINT ( 'NONE',  ( 0.000000000000000000, -0.07608622758978160483, 0.000000000000000000 ) ) ;
#1252 =( NAMED_UNIT ( * ) SI_UNIT ( $, .STERADIAN. ) SOLID_ANGLE_UNIT ( ) );
#1253 = CARTESIAN_POINT ( 'NONE',  ( 0.08858267716535433989, 0.1456692913385826960, -0.08858267716535433989 ) ) ;
#1254 = DIRECTION ( 'NONE',  ( -1.000000000000000000, 1.016439536705159791E-16, 0.000000000000000000 ) ) ;
#1255 = ORIENTED_EDGE ( 'NONE', *, *, #4, .T. ) ;
#1256 = ORIENTED_EDGE ( 'NONE', *, *, #2070, .F. ) ;
#1257 = ORIENTED_EDGE ( 'NONE', *, *, #3339, .F. ) ;
#1258 = DIRECTION ( 'NONE',  ( -1.000000000000000000, 0.000000000000000000, 0.000000000000000000 ) ) ;
#1259 = DIRECTION ( 'NONE',  ( 0.000000000000000000, -1.000000000000000000, 0.000000000000000000 ) ) ;
#1260 = EDGE_CURVE ( 'NONE', #2345, #126, #1298, .T. ) ;
#1261 = VERTEX_POINT ( 'NONE', #2609 ) ;
#1262 = EDGE_CURVE ( 'NONE', #970, #1168, #2098, .T. ) ;
#1263 = VERTEX_POINT ( 'NONE', #2081 ) ;
#1264 = DIRECTION ( 'NONE',  ( 0.000000000000000000, 0.000000000000000000, 1.000000000000000000 ) ) ;
#1265 = LINE ( 'NONE', #963, #1185 ) ;
#1266 = LINE ( 'NONE', #2616, #2264 ) ;
#1267 = DIRECTION ( 'NONE',  ( 0.000000000000000000, 0.000000000000000000, 1.000000000000000000 ) ) ;
#1268 = DIRECTION ( 'NONE',  ( 0.000000000000000000, 0.000000000000000000, 1.000000000000000000 ) ) ;
#1269 = DIRECTION ( 'NONE',  ( 0.000000000000000000, 0.000000000000000000, 1.000000000000000000 ) ) ;
#1270 = ORIENTED_EDGE ( 'NONE', *, *, #3057, .F. ) ;
#1271 = ORIENTED_EDGE ( 'NONE', *, *, #1435, .T. ) ;
#1272 = ADVANCED_FACE ( 'NONE', ( #3175 ), #3100, .F. ) ;
#1273 = ORIENTED_EDGE ( 'NONE', *, *, #1696, .T. ) ;
#1274 = CYLINDRICAL_SURFACE ( 'NONE', #1593, 0.01181102362204724046 ) ;
#1275 = CARTESIAN_POINT ( 'NONE',  ( -0.08858267716535433989, 0.1377952755905511861, 0.06496062992125986590 ) ) ;
#1276 = ADVANCED_FACE ( 'NONE', ( #2909 ), #1763, .T. ) ;
#1277 = ORIENTED_EDGE ( 'NONE', *, *, #2870, .F. ) ;
#1278 = EDGE_CURVE ( 'NONE', #805, #1894, #3274, .T. ) ;
#1279 = CARTESIAN_POINT ( 'NONE',  ( 0.1653543307086614567, -0.003937007874015747977, -0.1023622047244094613 ) ) ;
#1280 = AXIS2_PLACEMENT_3D ( 'NONE', #1231, #1197, #2017 ) ;
#1281 = ORIENTED_EDGE ( 'NONE', *, *, #3015, .T. ) ;
#1282 = EDGE_CURVE ( 'NONE', #902, #707, #53, .T. ) ;
#1283 = EDGE_CURVE ( 'NONE', #3109, #2468, #34, .T. ) ;
#1284 = PLANE ( 'NONE',  #1510 ) ;
#1285 = CARTESIAN_POINT ( 'NONE',  ( -0.1122047244094488277, 0.1299212598425196763, -0.1181102362204724532 ) ) ;
#1286 = PERSON_AND_ORGANIZATION_ROLE ( 'design_supplier' ) ;
#1287 = DIRECTION ( 'NONE',  ( 0.000000000000000000, 0.000000000000000000, 1.000000000000000000 ) ) ;
#1288 = CARTESIAN_POINT ( 'NONE',  ( 8.437527159479795937E-18, 0.1299212598425196763, 0.06889763779527559306 ) ) ;
#1289 = VERTEX_POINT ( 'NONE', #2729 ) ;
#1290 = ORIENTED_EDGE ( 'NONE', *, *, #1312, .F. ) ;
#1291 = VECTOR ( 'NONE', #1292, 39.37007874015748143 ) ;
#1292 = DIRECTION ( 'NONE',  ( 0.000000000000000000, 0.000000000000000000, -1.000000000000000000 ) ) ;
#1293 = DIRECTION ( 'NONE',  ( -1.000000000000000000, 0.000000000000000000, 0.000000000000000000 ) ) ;
#1294 = CARTESIAN_POINT ( 'NONE',  ( 0.1968503937007874127, -0.003937007874015747977, 0.1023622047244094613 ) ) ;
#1295 = VECTOR ( 'NONE', #568, 39.37007874015748143 ) ;
#1296 = ORIENTED_EDGE ( 'NONE', *, *, #129, .F. ) ;
#1297 = CARTESIAN_POINT ( 'NONE',  ( 0.1496062992125984370, 0.02755905511811023584, 0.1023622047244094613 ) ) ;
#1298 = CIRCLE ( 'NONE', #728, 0.01574803149606299885 ) ;
#1299 = VERTEX_POINT ( 'NONE', #1918 ) ;
#1300 = VECTOR ( 'NONE', #2484, 39.37007874015748143 ) ;
#1301 = VECTOR ( 'NONE', #94, 39.37007874015748143 ) ;
#1302 = DIRECTION ( 'NONE',  ( -1.000000000000000000, 0.000000000000000000, 0.000000000000000000 ) ) ;
#1303 = FACE_BOUND ( 'NONE', #2838, .T. ) ;
#1304 = AXIS2_PLACEMENT_3D ( 'NONE', #531, #2699, #764 ) ;
#1305 = ADVANCED_FACE ( 'NONE', ( #2761 ), #846, .T. ) ;
#1306 = AXIS2_PLACEMENT_3D ( 'NONE', #803, #3215, #1098 ) ;
#1307 = APPROVAL_DATE_TIME ( #2652, #76 ) ;
#1308 = CARTESIAN_POINT ( 'NONE',  ( -0.1181102362204724532, 0.03937007874015747977, -0.07480314960629921850 ) ) ;
#1309 = LINE ( 'NONE', #2091, #2093 ) ;
#1310 = ORIENTED_EDGE ( 'NONE', *, *, #1060, .F. ) ;
#1311 = ORIENTED_EDGE ( 'NONE', *, *, #2795, .F. ) ;
#1312 = EDGE_CURVE ( 'NONE', #2820, #2843, #3326, .T. ) ;
#1313 = LINE ( 'NONE', #2676, #1291 ) ;
#1314 = DIRECTION ( 'NONE',  ( 0.000000000000000000, 0.000000000000000000, 1.000000000000000000 ) ) ;
#1315 = LINE ( 'NONE', #2131, #2100 ) ;
#1316 = FACE_OUTER_BOUND ( 'NONE', #1132, .T. ) ;
#1317 = CARTESIAN_POINT ( 'NONE',  ( -0.1181102362204724532, 0.03149606299212598381, 0.07480314960629921850 ) ) ;
#1318 = EDGE_LOOP ( 'NONE', ( #627, #2592, #244, #2764 ) ) ;
#1319 = DIRECTION ( 'NONE',  ( 0.000000000000000000, 0.000000000000000000, 1.000000000000000000 ) ) ;
#1320 = CARTESIAN_POINT ( 'NONE',  ( 0.1496062992125984370, 0.03149606299212598381, -0.1023622047244094613 ) ) ;
#1321 = CALENDAR_DATE ( 2024, 13, 5 ) ;
#1322 = FACE_OUTER_BOUND ( 'NONE', #3434, .T. ) ;
#1323 = ADVANCED_FACE ( 'NONE', ( #1129 ), #1727, .F. ) ;
#1324 = LINE ( 'NONE', #1830, #2532 ) ;
#1325 = ORIENTED_EDGE ( 'NONE', *, *, #1238, .F. ) ;
#1326 = ORIENTED_EDGE ( 'NONE', *, *, #2302, .T. ) ;
#1327 = EDGE_LOOP ( 'NONE', ( #3332, #2807, #1257, #1112 ) ) ;
#1328 = CARTESIAN_POINT ( 'NONE',  ( -0.1122047244094488277, 0.1377952755905511861, 0.1181102362204724532 ) ) ;
#1329 = FACE_OUTER_BOUND ( 'NONE', #2441, .T. ) ;
#1330 = ADVANCED_FACE ( 'NONE', ( #875 ), #1990, .T. ) ;
#1331 = CARTESIAN_POINT ( 'NONE',  ( -0.1122047244094488277, 0.000000000000000000, -0.1181102362204724532 ) ) ;
#1332 = DIRECTION ( 'NONE',  ( 0.000000000000000000, 0.000000000000000000, 1.000000000000000000 ) ) ;
#1333 = VECTOR ( 'NONE', #308, 39.37007874015748143 ) ;
#1334 = VERTEX_POINT ( 'NONE', #73 ) ;
#1335 = CC_DESIGN_PERSON_AND_ORGANIZATION_ASSIGNMENT ( #1401, #1599, ( #2818 ) ) ;
#1336 = DIRECTION ( 'NONE',  ( 0.000000000000000000, 0.000000000000000000, 1.000000000000000000 ) ) ;
#1337 = LINE ( 'NONE', #1320, #2210 ) ;
#1338 = FACE_OUTER_BOUND ( 'NONE', #113, .T. ) ;
#1339 = LINE ( 'NONE', #2673, #2656 ) ;
#1340 = ORIENTED_EDGE ( 'NONE', *, *, #2431, .T. ) ;
#1341 = ORIENTED_EDGE ( 'NONE', *, *, #3406, .T. ) ;
#1342 = DIRECTION ( 'NONE',  ( 1.000000000000000000, 0.000000000000000000, 0.000000000000000000 ) ) ;
#1343 = DIRECTION ( 'NONE',  ( 0.000000000000000000, -1.000000000000000000, 0.000000000000000000 ) ) ;
#1344 = CARTESIAN_POINT ( 'NONE',  ( -0.1181102362204724532, 0.1299212598425196763, 0.1181102362204724532 ) ) ;
#1345 = VECTOR ( 'NONE', #925, 39.37007874015748143 ) ;
#1346 = CLOSED_SHELL ( 'NONE', ( #91, #1594, #3309, #3010, #3157, #2749 ) ) ;
#1347 = CARTESIAN_POINT ( 'NONE',  ( 0.1614173228346456879, 0.007874015748031495954, 0.1023622047244094613 ) ) ;
#1348 = VECTOR ( 'NONE', #2525, 39.37007874015748143 ) ;
#1349 = VERTEX_POINT ( 'NONE', #2992 ) ;
#1350 = ADVANCED_FACE ( 'NONE', ( #591 ), #1967, .F. ) ;
#1351 = CIRCLE ( 'NONE', #2989, 0.02362204724409448092 ) ;
#1352 = LINE ( 'NONE', #2365, #360 ) ;
#1353 = CARTESIAN_POINT ( 'NONE',  ( 0.000000000000000000, 0.1299212598425196763, 0.000000000000000000 ) ) ;
#1354 = AXIS2_PLACEMENT_3D ( 'NONE', #3479, #239, #255 ) ;
#1355 = AXIS2_PLACEMENT_3D ( 'NONE', #3419, #3364, #2027 ) ;
#1356 = ORIENTED_EDGE ( 'NONE', *, *, #65, .F. ) ;
#1357 = AXIS2_PLACEMENT_3D ( 'NONE', #1805, #2649, #2862 ) ;
#1358 = PLANE ( 'NONE',  #674 ) ;
#1359 = CARTESIAN_POINT ( 'NONE',  ( -0.1496062992125984370, 0.02755905511811023584, 0.07480314960629921850 ) ) ;
#1360 = ORIENTED_EDGE ( 'NONE', *, *, #459, .T. ) ;
#1361 = EDGE_CURVE ( 'NONE', #96, #1349, #1590, .T. ) ;
#1362 = ORIENTED_EDGE ( 'NONE', *, *, #2396, .F. ) ;
#1363 = LINE ( 'NONE', #2942, #2236 ) ;
#1364 = DIRECTION ( 'NONE',  ( 0.000000000000000000, 1.000000000000000000, 0.000000000000000000 ) ) ;
#1365 = AXIS2_PLACEMENT_3D ( 'NONE', #997, #2090, #2902 ) ;
#1366 = DIRECTION ( 'NONE',  ( 0.000000000000000000, 0.000000000000000000, -1.000000000000000000 ) ) ;
#1367 = ADVANCED_FACE ( 'NONE', ( #2233 ), #859, .F. ) ;
#1368 = ORIENTED_EDGE ( 'NONE', *, *, #1914, .T. ) ;
#1369 = CARTESIAN_POINT ( 'NONE',  ( -0.08858267716535433989, 0.1377952755905511861, 0.08858267716535433989 ) ) ;
#1370 = CYLINDRICAL_SURFACE ( 'NONE', #3278, 0.01574803149606299191 ) ;
#1371 = EDGE_CURVE ( 'NONE', #3330, #422, #18, .T. ) ;
#1372 = VERTEX_POINT ( 'NONE', #3043 ) ;
#1373 = FACE_BOUND ( 'NONE', #678, .T. ) ;
#1374 = CARTESIAN_POINT ( 'NONE',  ( -0.08858267716535433989, 0.1141732283464566844, -0.08858267716535433989 ) ) ;
#1375 = EDGE_LOOP ( 'NONE', ( #1514, #508, #1206, #3014 ) ) ;
#1376 = DIRECTION ( 'NONE',  ( -1.000000000000000000, -1.016439536705159791E-16, 0.000000000000000000 ) ) ;
#1377 = CARTESIAN_POINT ( 'NONE',  ( -0.1968503937007874127, -0.003937007874015747977, 0.1023622047244094613 ) ) ;
#1378 = FACE_OUTER_BOUND ( 'NONE', #569, .T. ) ;
#1379 = EDGE_CURVE ( 'NONE', #1811, #1766, #1437, .T. ) ;
#1380 = DIRECTION ( 'NONE',  ( 0.000000000000000000, 1.000000000000000000, 0.000000000000000000 ) ) ;
#1381 = EDGE_CURVE ( 'NONE', #2209, #805, #1105, .T. ) ;
#1382 = EDGE_CURVE ( 'NONE', #2853, #1011, #2780, .T. ) ;
#1383 = DIRECTION ( 'NONE',  ( 0.000000000000000000, 0.000000000000000000, -1.000000000000000000 ) ) ;
#1384 = VERTEX_POINT ( 'NONE', #1659 ) ;
#1385 = LINE ( 'NONE', #2205, #843 ) ;
#1386 = ORIENTED_EDGE ( 'NONE', *, *, #1282, .T. ) ;
#1387 = ORIENTED_EDGE ( 'NONE', *, *, #801, .T. ) ;
#1388 = VECTOR ( 'NONE', #1903, 39.37007874015748143 ) ;
#1389 = EDGE_CURVE ( 'NONE', #2209, #1261, #1117, .T. ) ;
#1390 = ADVANCED_FACE ( 'NONE', ( #312 ), #1400, .F. ) ;
#1391 = DIRECTION ( 'NONE',  ( 0.000000000000000000, 0.000000000000000000, 1.000000000000000000 ) ) ;
#1392 = LINE ( 'NONE', #1909, #1113 ) ;
#1393 = ORIENTED_EDGE ( 'NONE', *, *, #2368, .T. ) ;
#1394 = ADVANCED_FACE ( 'NONE', ( #1532 ), #2552, .T. ) ;
#1395 = CARTESIAN_POINT ( 'NONE',  ( 0.1181102362204724532, 0.03149606299212598381, 0.07480314960629921850 ) ) ;
#1396 = DIRECTION ( 'NONE',  ( 0.000000000000000000, 1.000000000000000000, 0.000000000000000000 ) ) ;
#1397 = CYLINDRICAL_SURFACE ( 'NONE', #961, 0.005905511811023620231 ) ;
#1398 = FACE_OUTER_BOUND ( 'NONE', #2418, .T. ) ;
#1399 = ORIENTED_EDGE ( 'NONE', *, *, #2855, .F. ) ;
#1400 = CYLINDRICAL_SURFACE ( 'NONE', #1536, 0.003937007874015741038 ) ;
#1401 = PERSON_AND_ORGANIZATION ( #1504, #765 ) ;
#1402 = ORIENTED_EDGE ( 'NONE', *, *, #3272, .F. ) ;
#1403 = ORIENTED_EDGE ( 'NONE', *, *, #1679, .T. ) ;
#1404 = AXIS2_PLACEMENT_3D ( 'NONE', #1614, #2903, #210 ) ;
#1405 = DIRECTION ( 'NONE',  ( 1.000000000000000000, -1.734723475976804925E-15, 0.000000000000000000 ) ) ;
#1406 = FACE_OUTER_BOUND ( 'NONE', #2734, .T. ) ;
#1407 = PLANE ( 'NONE',  #3159 ) ;
#1408 = VERTEX_POINT ( 'NONE', #130 ) ;
#1409 = VECTOR ( 'NONE', #986, 39.37007874015748143 ) ;
#1410 = EDGE_CURVE ( 'NONE', #196, #254, #1921, .T. ) ;
#1411 = VECTOR ( 'NONE', #1149, 39.37007874015748143 ) ;
#1412 = CIRCLE ( 'NONE', #108, 0.01574803149606299885 ) ;
#1413 = DIRECTION ( 'NONE',  ( 0.000000000000000000, 1.000000000000000000, 0.000000000000000000 ) ) ;
#1414 = DIRECTION ( 'NONE',  ( 0.000000000000000000, 0.000000000000000000, 1.000000000000000000 ) ) ;
#1415 = DIRECTION ( 'NONE',  ( 0.000000000000000000, -1.000000000000000000, 0.000000000000000000 ) ) ;
#1416 = CARTESIAN_POINT ( 'NONE',  ( 0.08858267716535433989, 0.1299212598425196763, -0.07283464566929134798 ) ) ;
#1417 = ORIENTED_EDGE ( 'NONE', *, *, #1767, .T. ) ;
#1418 = CIRCLE ( 'NONE', #1988, 0.01181102362204724046 ) ;
#1419 = CIRCLE ( 'NONE', #1365, 0.005905511811023620231 ) ;
#1420 = CARTESIAN_POINT ( 'NONE',  ( -0.1653543307086614567, 0.007874015748031495954, 0.07480314960629921850 ) ) ;
#1421 = CC_DESIGN_DATE_AND_TIME_ASSIGNMENT ( #1844, #731, ( #991 ) ) ;
#1422 = EDGE_LOOP ( 'NONE', ( #1550, #334, #3290, #3025 ) ) ;
#1423 = VERTEX_POINT ( 'NONE', #3383 ) ;
#1424 = DIRECTION ( 'NONE',  ( 0.000000000000000000, 0.000000000000000000, 1.000000000000000000 ) ) ;
#1425 = LINE ( 'NONE', #135, #1537 ) ;
#1426 = DIRECTION ( 'NONE',  ( 1.016439536705159791E-16, -1.000000000000000000, 0.000000000000000000 ) ) ;
#1427 = ORIENTED_EDGE ( 'NONE', *, *, #1637, .T. ) ;
#1428 = EDGE_CURVE ( 'NONE', #2985, #3077, #382, .T. ) ;
#1429 = ORIENTED_EDGE ( 'NONE', *, *, #321, .F. ) ;
#1430 = DIRECTION ( 'NONE',  ( 1.000000000000000000, 0.000000000000000000, 0.000000000000000000 ) ) ;
#1431 = CARTESIAN_POINT ( 'NONE',  ( -0.1496062992125984370, 0.02755905511811023584, -0.07480314960629921850 ) ) ;
#1432 = CARTESIAN_POINT ( 'NONE',  ( -0.1653543307086614567, -0.003937007874015747977, -0.1023622047244094613 ) ) ;
#1433 = DIRECTION ( 'NONE',  ( 0.000000000000000000, 0.000000000000000000, 1.000000000000000000 ) ) ;
#1434 = VERTEX_POINT ( 'NONE', #1220 ) ;
#1435 = EDGE_CURVE ( 'NONE', #1822, #1838, #2589, .T. ) ;
#1436 = EDGE_CURVE ( 'NONE', #1044, #719, #686, .T. ) ;
#1437 = LINE ( 'NONE', #611, #1009 ) ;
#1438 = EDGE_LOOP ( 'NONE', ( #716, #1683, #1625, #1092 ) ) ;
#1439 = EDGE_LOOP ( 'NONE', ( #629, #2978, #132, #2398 ) ) ;
#1440 = ORIENTED_EDGE ( 'NONE', *, *, #2068, .T. ) ;
#1441 = LINE ( 'NONE', #2751, #1300 ) ;
#1442 = LINE ( 'NONE', #2260, #1301 ) ;
#1443 = CARTESIAN_POINT ( 'NONE',  ( -0.1653543307086614567, -0.003937007874015747977, -0.1023622047244094613 ) ) ;
#1444 = ORIENTED_EDGE ( 'NONE', *, *, #1608, .T. ) ;
#1445 = VECTOR ( 'NONE', #1336, 39.37007874015748143 ) ;
#1446 = DIRECTION ( 'NONE',  ( -1.000000000000000000, 0.000000000000000000, 0.000000000000000000 ) ) ;
#1447 = CARTESIAN_POINT ( 'NONE',  ( 0.1181102362204724532, 0.03149606299212598381, -0.1023622047244094613 ) ) ;
#1448 = DIRECTION ( 'NONE',  ( 0.000000000000000000, 0.000000000000000000, 1.000000000000000000 ) ) ;
#1449 = CARTESIAN_POINT ( 'NONE',  ( 0.000000000000000000, 0.1299212598425196763, 0.000000000000000000 ) ) ;
#1450 = ORIENTED_EDGE ( 'NONE', *, *, #761, .T. ) ;
#1451 = DIRECTION ( 'NONE',  ( 0.000000000000000000, 0.000000000000000000, 1.000000000000000000 ) ) ;
#1452 = ADVANCED_FACE ( 'NONE', ( #1782 ), #2307, .T. ) ;
#1453 = VERTEX_POINT ( 'NONE', #2528 ) ;
#1454 = ORIENTED_EDGE ( 'NONE', *, *, #362, .F. ) ;
#1455 = AXIS2_PLACEMENT_3D ( 'NONE', #2265, #623, #306 ) ;
#1456 = ADVANCED_FACE ( 'NONE', ( #2273 ), #164, .T. ) ;
#1457 = ORIENTED_EDGE ( 'NONE', *, *, #1211, .F. ) ;
#1458 = AXIS2_PLACEMENT_3D ( 'NONE', #774, #2117, #1588 ) ;
#1459 = DIRECTION ( 'NONE',  ( 0.000000000000000000, 1.000000000000000000, 0.000000000000000000 ) ) ;
#1460 = CARTESIAN_POINT ( 'NONE',  ( 0.1535433070866141780, 0.007874015748031495954, 0.1023622047244094613 ) ) ;
#1461 = CARTESIAN_POINT ( 'NONE',  ( -0.1122047244094488277, 0.1299212598425196763, 0.1181102362204724532 ) ) ;
#1462 = ORIENTED_EDGE ( 'NONE', *, *, #185, .T. ) ;
#1463 = VECTOR ( 'NONE', #2417, 39.37007874015748143 ) ;
#1464 = EDGE_LOOP ( 'NONE', ( #1677, #2044, #1840, #3066 ) ) ;
#1465 = CARTESIAN_POINT ( 'NONE',  ( 0.1122047244094488277, 0.1377952755905511861, 0.1122047244094488277 ) ) ;
#1466 = AXIS2_PLACEMENT_3D ( 'NONE', #3078, #2026, #183 ) ;
#1467 = CARTESIAN_POINT ( 'NONE',  ( 0.1181102362204724532, 0.03937007874015747977, -0.1023622047244094613 ) ) ;
#1468 = CARTESIAN_POINT ( 'NONE',  ( -0.1181102362204724532, 0.1299212598425196763, 0.1122047244094488277 ) ) ;
#1469 = CARTESIAN_POINT ( 'NONE',  ( 0.1614173228346456879, 0.02755905511811023584, -0.1023622047244094613 ) ) ;
#1470 = VERTEX_POINT ( 'NONE', #1744 ) ;
#1471 = ORIENTED_EDGE ( 'NONE', *, *, #1878, .T. ) ;
#1472 = AXIS2_PLACEMENT_3D ( 'NONE', #2861, #2314, #3126 ) ;
#1473 = AXIS2_PLACEMENT_3D ( 'NONE', #1976, #866, #1482 ) ;
#1474 = DIRECTION ( 'NONE',  ( 0.000000000000000000, 0.000000000000000000, 1.000000000000000000 ) ) ;
#1475 = CIRCLE ( 'NONE', #2947, 0.003937007874015741038 ) ;
#1476 = VECTOR ( 'NONE', #3146, 39.37007874015748143 ) ;
#1477 = ORIENTED_EDGE ( 'NONE', *, *, #1224, .F. ) ;
#1478 = EDGE_CURVE ( 'NONE', #690, #2604, #1203, .T. ) ;
#1479 = ORIENTED_EDGE ( 'NONE', *, *, #949, .T. ) ;
#1480 = EDGE_CURVE ( 'NONE', #2239, #649, #3046, .T. ) ;
#1481 = CARTESIAN_POINT ( 'NONE',  ( -0.1535433070866141780, 0.007874015748031495954, -0.1023622047244094613 ) ) ;
#1482 = DIRECTION ( 'NONE',  ( 0.000000000000000000, 0.000000000000000000, 1.000000000000000000 ) ) ;
#1483 = DIRECTION ( 'NONE',  ( -1.000000000000000000, -1.016439536705159791E-16, 0.000000000000000000 ) ) ;
#1484 = EDGE_LOOP ( 'NONE', ( #2970, #1247, #1583, #1966 ) ) ;
#1485 = ORIENTED_EDGE ( 'NONE', *, *, #2068, .F. ) ;
#1486 = DIRECTION ( 'NONE',  ( 0.000000000000000000, -1.000000000000000000, 0.000000000000000000 ) ) ;
#1487 = SPHERICAL_SURFACE ( 'NONE', #2517, 0.03937007874015747977 ) ;
#1488 = DIRECTION ( 'NONE',  ( 0.000000000000000000, 0.000000000000000000, 1.000000000000000000 ) ) ;
#1489 = DIRECTION ( 'NONE',  ( 0.000000000000000000, 1.000000000000000000, 0.000000000000000000 ) ) ;
#1490 = ORIENTED_EDGE ( 'NONE', *, *, #2009, .F. ) ;
#1491 = ORIENTED_EDGE ( 'NONE', *, *, #1492, .T. ) ;
#1493 = ORIENTED_EDGE ( 'NONE', *, *, #718, .F. ) ;
#1492 = EDGE_CURVE ( 'NONE', #2907, #2145, #1980, .T. ) ;
#1494 = DIRECTION ( 'NONE',  ( 0.000000000000000000, 0.000000000000000000, 1.000000000000000000 ) ) ;
#1495 = DIRECTION ( 'NONE',  ( 0.000000000000000000, 1.000000000000000000, 0.000000000000000000 ) ) ;
#1496 = VERTEX_POINT ( 'NONE', #3363 ) ;
#1497 = ORIENTED_EDGE ( 'NONE', *, *, #3219, .F. ) ;
#1498 = PLANE ( 'NONE',  #1977 ) ;
#1499 = FACE_BOUND ( 'NONE', #2379, .T. ) ;
#1500 = CARTESIAN_POINT ( 'NONE',  ( 0.08858267716535433989, 0.1299212598425196763, -0.08858267716535433989 ) ) ;
#1501 = VERTEX_POINT ( 'NONE', #149 ) ;
#1502 = EDGE_CURVE ( 'NONE', #2067, #3282, #1821, .T. ) ;
#1503 = ADVANCED_FACE ( 'NONE', ( #2048 ), #702, .F. ) ;
#1504 = PERSON ( 'UNSPECIFIED', 'UNSPECIFIED', 'UNSPECIFIED', ('UNSPECIFIED'), ('UNSPECIFIED'), ('UNSPECIFIED') ) ;
#1505 = DIRECTION ( 'NONE',  ( 0.000000000000000000, 1.000000000000000000, 0.000000000000000000 ) ) ;
#1506 = DIRECTION ( 'NONE',  ( 0.000000000000000000, 0.000000000000000000, 1.000000000000000000 ) ) ;
#1507 = DIRECTION ( 'NONE',  ( 0.000000000000000000, 1.000000000000000000, 0.000000000000000000 ) ) ;
#1508 = DIRECTION ( 'NONE',  ( 1.000000000000000000, 0.000000000000000000, 0.000000000000000000 ) ) ;
#1509 = ORIENTED_EDGE ( 'NONE', *, *, #802, .T. ) ;
#1510 = AXIS2_PLACEMENT_3D ( 'NONE', #1626, #2122, #2698 ) ;
#1511 = EDGE_LOOP ( 'NONE', ( #461, #2043, #2127, #200 ) ) ;
#1512 = EDGE_CURVE ( 'NONE', #2912, #1794, #404, .T. ) ;
#1513 = VECTOR ( 'NONE', #1267, 39.37007874015748143 ) ;
#1514 = ORIENTED_EDGE ( 'NONE', *, *, #127, .F. ) ;
#1515 = CARTESIAN_POINT ( 'NONE',  ( 0.000000000000000000, 0.1377952755905511861, 0.000000000000000000 ) ) ;
#1516 = DIRECTION ( 'NONE',  ( 0.000000000000000000, 0.000000000000000000, -1.000000000000000000 ) ) ;
#1517 = LOCAL_TIME ( 16, 4, 9.000000000000000000, #1017 ) ;
#1518 = ORIENTED_EDGE ( 'NONE', *, *, #3494, .F. ) ;
#1519 = ORIENTED_EDGE ( 'NONE', *, *, #252, .F. ) ;
#1520 = LINE ( 'NONE', #2594, #2540 ) ;
#1521 = CARTESIAN_POINT ( 'NONE',  ( -0.08858267716535433989, 0.1299212598425196763, 0.07283464566929134798 ) ) ;
#1522 = CARTESIAN_POINT ( 'NONE',  ( -0.1535433070866141780, 0.007874015748031495954, 0.1023622047244094613 ) ) ;
#1523 = AXIS2_PLACEMENT_3D ( 'NONE', #2216, #3036, #2738 ) ;
#1524 = DIRECTION ( 'NONE',  ( 0.000000000000000000, 0.000000000000000000, 1.000000000000000000 ) ) ;
#1525 = ADVANCED_FACE ( 'NONE', ( #647 ), #2872, .F. ) ;
#1526 = CARTESIAN_POINT ( 'NONE',  ( 0.1535433070866141780, 0.007874015748031495954, -0.07480314960629921850 ) ) ;
#1527 = ORIENTED_EDGE ( 'NONE', *, *, #1533, .F. ) ;
#1528 = AXIS2_PLACEMENT_3D ( 'NONE', #1757, #2339, #375 ) ;
#1529 = ORIENTED_EDGE ( 'NONE', *, *, #1767, .F. ) ;
#1530 = CIRCLE ( 'NONE', #3501, 0.01574803149606299191 ) ;
#1531 = ORIENTED_EDGE ( 'NONE', *, *, #955, .T. ) ;
#1532 = FACE_OUTER_BOUND ( 'NONE', #2292, .T. ) ;
#1533 = EDGE_CURVE ( 'NONE', #126, #2345, #1412, .T. ) ;
#1534 = DIRECTION ( 'NONE',  ( -1.000000000000000000, 0.000000000000000000, 0.000000000000000000 ) ) ;
#1535 = VECTOR ( 'NONE', #2614, 39.37007874015748143 ) ;
#1536 = AXIS2_PLACEMENT_3D ( 'NONE', #2511, #87, #1161 ) ;
#1537 = VECTOR ( 'NONE', #2769, 39.37007874015748143 ) ;
#1538 = VERTEX_POINT ( 'NONE', #916 ) ;
#1539 = CIRCLE ( 'NONE', #2664, 0.01574803149606299191 ) ;
#1540 = EDGE_LOOP ( 'NONE', ( #301, #545 ) ) ;
#1541 = EDGE_CURVE ( 'NONE', #1071, #1166, #2608, .T. ) ;
#1542 = CIRCLE ( 'NONE', #5, 0.01181102362204724046 ) ;
#1543 = ADVANCED_FACE ( 'NONE', ( #234 ), #2623, .F. ) ;
#1544 = CARTESIAN_POINT ( 'NONE',  ( 0.1614173228346456879, 0.02755905511811023584, 0.07480314960629921850 ) ) ;
#1545 = FACE_OUTER_BOUND ( 'NONE', #2437, .T. ) ;
#1546 = FACE_OUTER_BOUND ( 'NONE', #3414, .T. ) ;
#1547 = LINE ( 'NONE', #3113, #3084 ) ;
#1548 = DIRECTION ( 'NONE',  ( 1.000000000000000000, 0.000000000000000000, 0.000000000000000000 ) ) ;
#1549 = CARTESIAN_POINT ( 'NONE',  ( -0.1653543307086614567, 0.003937007874015747977, 0.1023622047244094613 ) ) ;
#1550 = ORIENTED_EDGE ( 'NONE', *, *, #3380, .T. ) ;
#1551 = ORIENTED_EDGE ( 'NONE', *, *, #2390, .T. ) ;
#1552 = ADVANCED_FACE ( 'NONE', ( #198 ), #1274, .T. ) ;
#1553 = ORIENTED_EDGE ( 'NONE', *, *, #1492, .F. ) ;
#1554 = DIRECTION ( 'NONE',  ( 0.000000000000000000, 0.000000000000000000, -1.000000000000000000 ) ) ;
#1555 = CARTESIAN_POINT ( 'NONE',  ( -0.1181102362204724532, 0.03937007874015747977, 0.1023622047244094613 ) ) ;
#1556 = EDGE_CURVE ( 'NONE', #1334, #2891, #3331, .T. ) ;
#1557 = ADVANCED_FACE ( 'NONE', ( #2924 ), #2660, .T. ) ;
#1558 = EDGE_LOOP ( 'NONE', ( #1667, #1751, #2054, #344 ) ) ;
#1559 = ORIENTED_EDGE ( 'NONE', *, *, #2796, .T. ) ;
#1560 = CARTESIAN_POINT ( 'NONE',  ( 0.1535433070866141780, 0.02755905511811023584, 0.1023622047244094613 ) ) ;
#1561 = CARTESIAN_POINT ( 'NONE',  ( 0.1535433070866141780, 0.007874015748031495954, -0.1023622047244094613 ) ) ;
#1562 = PERSON_AND_ORGANIZATION ( #1504, #765 ) ;
#1563 = LINE ( 'NONE', #2075, #1476 ) ;
#1564 = LINE ( 'NONE', #2633, #1463 ) ;
#1565 = EDGE_LOOP ( 'NONE', ( #3458, #1684, #1610, #522 ) ) ;
#1566 = ORIENTED_EDGE ( 'NONE', *, *, #955, .F. ) ;
#1567 = ORIENTED_EDGE ( 'NONE', *, *, #1674, .T. ) ;
#1568 = FACE_OUTER_BOUND ( 'NONE', #923, .T. ) ;
#1569 = FACE_OUTER_BOUND ( 'NONE', #395, .T. ) ;
#1570 = AXIS2_PLACEMENT_3D ( 'NONE', #2196, #2181, #3270 ) ;
#1571 = ORIENTED_EDGE ( 'NONE', *, *, #2390, .F. ) ;
#1572 = DIRECTION ( 'NONE',  ( -1.000000000000000000, 1.016439536705159791E-16, 0.000000000000000000 ) ) ;
#1573 =( GEOMETRIC_REPRESENTATION_CONTEXT ( 3 ) GLOBAL_UNCERTAINTY_ASSIGNED_CONTEXT ( ( #72 ) ) GLOBAL_UNIT_ASSIGNED_CONTEXT ( ( #2865, #2600, #1252 ) ) REPRESENTATION_CONTEXT ( 'NONE', 'WORKASPACE' ) );
#1574 = EDGE_CURVE ( 'NONE', #3137, #453, #2639, .T. ) ;
#1575 = ORIENTED_EDGE ( 'NONE', *, *, #498, .T. ) ;
#1576 = CARTESIAN_POINT ( 'NONE',  ( -0.1968503937007874127, 0.003937007874015747977, -0.1023622047244094613 ) ) ;
#1577 = LINE ( 'NONE', #1227, #2329 ) ;
#1578 = EDGE_CURVE ( 'NONE', #2244, #2985, #2893, .T. ) ;
#1579 = CALENDAR_DATE ( 2024, 13, 5 ) ;
#1580 = PLANE ( 'NONE',  #1930 ) ;
#1581 = DIRECTION ( 'NONE',  ( 0.000000000000000000, 0.000000000000000000, -1.000000000000000000 ) ) ;
#1582 = EDGE_LOOP ( 'NONE', ( #3329, #3000, #3242, #1801 ) ) ;
#1583 = ORIENTED_EDGE ( 'NONE', *, *, #1556, .F. ) ;
#1584 = CIRCLE ( 'NONE', #39, 0.06889763779527559306 ) ;
#1585 = DIRECTION ( 'NONE',  ( 0.000000000000000000, -1.000000000000000000, 0.000000000000000000 ) ) ;
#1586 = AXIS2_PLACEMENT_3D ( 'NONE', #2395, #251, #2445 ) ;
#1587 = LINE ( 'NONE', #1040, #226 ) ;
#1588 = DIRECTION ( 'NONE',  ( -1.000000000000000000, 0.000000000000000000, 0.000000000000000000 ) ) ;
#1589 = LINE ( 'NONE', #1887, #3052 ) ;
#1590 = CIRCLE ( 'NONE', #1067, 0.005905511811023620231 ) ;
#1591 = ORIENTED_EDGE ( 'NONE', *, *, #393, .F. ) ;
#1592 = AXIS2_PLACEMENT_3D ( 'NONE', #1927, #1459, #93 ) ;
#1593 = AXIS2_PLACEMENT_3D ( 'NONE', #2376, #3507, #1293 ) ;
#1594 = ADVANCED_FACE ( 'NONE', ( #3489 ), #3172, .T. ) ;
#1595 = DIRECTION ( 'NONE',  ( 0.000000000000000000, 0.000000000000000000, -1.000000000000000000 ) ) ;
#1596 = CARTESIAN_POINT ( 'NONE',  ( -0.1122047244094488277, 0.1299212598425196763, 0.1181102362204724532 ) ) ;
#1597 = AXIS2_PLACEMENT_3D ( 'NONE', #3492, #1042, #3441 ) ;
#1598 = AXIS2_PLACEMENT_3D ( 'NONE', #1756, #3375, #1018 ) ;
#1599 = PERSON_AND_ORGANIZATION_ROLE ( 'design_owner' ) ;
#1600 = DIRECTION ( 'NONE',  ( 0.000000000000000000, 0.000000000000000000, -1.000000000000000000 ) ) ;
#1601 = DIRECTION ( 'NONE',  ( 0.000000000000000000, -1.000000000000000000, 0.000000000000000000 ) ) ;
#1602 = ORIENTED_EDGE ( 'NONE', *, *, #541, .F. ) ;
#1603 = ORIENTED_EDGE ( 'NONE', *, *, #2024, .F. ) ;
#1604 = DIRECTION ( 'NONE',  ( 0.000000000000000000, 0.000000000000000000, -1.000000000000000000 ) ) ;
#1605 = CARTESIAN_POINT ( 'NONE',  ( -0.1181102362204724532, 0.03937007874015747977, -0.1023622047244094613 ) ) ;
#1606 = DIRECTION ( 'NONE',  ( -1.000000000000000000, -1.016439536705159791E-16, 0.000000000000000000 ) ) ;
#1607 = DIRECTION ( 'NONE',  ( 0.000000000000000000, -1.000000000000000000, 0.000000000000000000 ) ) ;
#1608 = EDGE_CURVE ( 'NONE', #970, #3125, #1315, .T. ) ;
#1609 = CARTESIAN_POINT ( 'NONE',  ( -0.08858267716535433989, 0.1377952755905511861, 0.1043307086614173457 ) ) ;
#1610 = ORIENTED_EDGE ( 'NONE', *, *, #1679, .F. ) ;
#1611 = FACE_OUTER_BOUND ( 'NONE', #1210, .T. ) ;
#1612 = CARTESIAN_POINT ( 'NONE',  ( 0.1496062992125984370, 0.02755905511811023584, -0.07480314960629921850 ) ) ;
#1613 = CARTESIAN_POINT ( 'NONE',  ( -0.1968503937007874127, -0.003937007874015747977, 0.1023622047244094613 ) ) ;
#1614 = CARTESIAN_POINT ( 'NONE',  ( -0.1653543307086614567, 0.007874015748031495954, -0.07480314960629921850 ) ) ;
#1615 = ORIENTED_EDGE ( 'NONE', *, *, #2431, .F. ) ;
#1616 = VERTEX_POINT ( 'NONE', #470 ) ;
#1617 = ADVANCED_FACE ( 'NONE', ( #1568 ), #214, .T. ) ;
#1618 = ORIENTED_EDGE ( 'NONE', *, *, #43, .T. ) ;
#1619 = CARTESIAN_POINT ( 'NONE',  ( -0.1653543307086614567, 0.007874015748031495954, 0.1023622047244094613 ) ) ;
#1620 = CYLINDRICAL_SURFACE ( 'NONE', #2324, 0.005905511811023620231 ) ;
#1621 = CARTESIAN_POINT ( 'NONE',  ( 0.1122047244094488277, 0.1377952755905511861, -0.1122047244094488277 ) ) ;
#1622 = EDGE_CURVE ( 'NONE', #2163, #389, #1587, .T. ) ;
#1623 = FACE_OUTER_BOUND ( 'NONE', #1511, .T. ) ;
#1624 = VECTOR ( 'NONE', #3287, 39.37007874015748143 ) ;
#1625 = ORIENTED_EDGE ( 'NONE', *, *, #3057, .T. ) ;
#1626 = CARTESIAN_POINT ( 'NONE',  ( 0.1968503937007874127, -0.003937007874015747977, -0.1023622047244094613 ) ) ;
#1627 = DIRECTION ( 'NONE',  ( 0.000000000000000000, 0.000000000000000000, 1.000000000000000000 ) ) ;
#1628 = DIRECTION ( 'NONE',  ( 1.000000000000000000, 0.000000000000000000, 0.000000000000000000 ) ) ;
#1629 = DIRECTION ( 'NONE',  ( 0.000000000000000000, -1.000000000000000000, 0.000000000000000000 ) ) ;
#1630 = ORIENTED_EDGE ( 'NONE', *, *, #1878, .F. ) ;
#1631 = EDGE_CURVE ( 'NONE', #1501, #1766, #1868, .T. ) ;
#1632 = CARTESIAN_POINT ( 'NONE',  ( 0.000000000000000000, 0.2755905511811023723, 0.000000000000000000 ) ) ;
#1633 = DIRECTION ( 'NONE',  ( 0.000000000000000000, -1.000000000000000000, 0.000000000000000000 ) ) ;
#1634 = CYLINDRICAL_SURFACE ( 'NONE', #2986, 0.003937007874015758385 ) ;
#1635 = CLOSED_SHELL ( 'NONE', ( #896, #181, #965, #689, #2694, #2171, #2357, #2452, #1323, #910, #2987, #486, #1394, #829 ) ) ;
#1636 = AXIS2_PLACEMENT_3D ( 'NONE', #2231, #1725, #2793 ) ;
#1637 = EDGE_CURVE ( 'NONE', #2253, #960, #1075, .T. ) ;
#1638 = CYLINDRICAL_SURFACE ( 'NONE', #1597, 0.003937007874015741038 ) ;
#1639 = CIRCLE ( 'NONE', #1006, 0.005905511811023620231 ) ;
#1640 = VERTEX_POINT ( 'NONE', #526 ) ;
#1641 = VECTOR ( 'NONE', #329, 39.37007874015748143 ) ;
#1642 = CARTESIAN_POINT ( 'NONE',  ( 0.08858267716535433989, 0.1823374350353732243, -0.08858267716535433989 ) ) ;
#1643 = CARTESIAN_POINT ( 'NONE',  ( 0.1653543307086614567, 0.003937007874015747977, 0.1023622047244094613 ) ) ;
#1644 = VECTOR ( 'NONE', #3334, 39.37007874015748143 ) ;
#1645 = AXIS2_PLACEMENT_3D ( 'NONE', #3135, #3151, #1762 ) ;
#1646 = ORIENTED_EDGE ( 'NONE', *, *, #2796, .F. ) ;
#1647 = ADVANCED_FACE ( 'NONE', ( #1329 ), #1055, .T. ) ;
#1648 = AXIS2_PLACEMENT_3D ( 'NONE', #2740, #2810, #2218 ) ;
#1649 = DIRECTION ( 'NONE',  ( 1.000000000000000000, 0.000000000000000000, 0.000000000000000000 ) ) ;
#1650 = DIRECTION ( 'NONE',  ( 1.000000000000000000, 0.000000000000000000, 0.000000000000000000 ) ) ;
#1651 = EDGE_LOOP ( 'NONE', ( #2047, #1035, #1630, #1695 ) ) ;
#1652 = CIRCLE ( 'NONE', #1764, 0.01181102362204724046 ) ;
#1653 = ADVANCED_FACE ( 'NONE', ( #2409 ), #1620, .T. ) ;
#1654 = DIRECTION ( 'NONE',  ( 1.000000000000000000, 0.000000000000000000, 0.000000000000000000 ) ) ;
#1655 = CARTESIAN_POINT ( 'NONE',  ( -0.1181102362204724532, 0.1299212598425196763, -0.1122047244094488277 ) ) ;
#1656 = CARTESIAN_POINT ( 'NONE',  ( -0.1122047244094488277, 0.1299212598425196763, 0.1122047244094488277 ) ) ;
#1657 = LINE ( 'NONE', #842, #2200 ) ;
#1658 = AXIS2_PLACEMENT_3D ( 'NONE', #926, #3038, #1708 ) ;
#1659 = CARTESIAN_POINT ( 'NONE',  ( 0.1496062992125984370, 0.03937007874015747977, 0.1023622047244094613 ) ) ;
#1660 = EDGE_CURVE ( 'NONE', #2920, #1784, #1817, .T. ) ;
#1661 = EDGE_CURVE ( 'NONE', #1384, #1052, #1718, .T. ) ;
#1662 = ORIENTED_EDGE ( 'NONE', *, *, #819, .F. ) ;
#1663 = LINE ( 'NONE', #1596, #2767 ) ;
#1664 = EDGE_LOOP ( 'NONE', ( #495, #2334 ) ) ;
#1665 = DIRECTION ( 'NONE',  ( 0.000000000000000000, 1.000000000000000000, 0.000000000000000000 ) ) ;
#1666 = DIRECTION ( 'NONE',  ( 0.000000000000000000, 0.000000000000000000, -1.000000000000000000 ) ) ;
#1667 = ORIENTED_EDGE ( 'NONE', *, *, #3170, .F. ) ;
#1668 = CARTESIAN_POINT ( 'NONE',  ( 0.1122047244094488277, 0.1299212598425196763, 0.1181102362204724532 ) ) ;
#1669 = DIRECTION ( 'NONE',  ( 0.000000000000000000, 1.000000000000000000, 0.000000000000000000 ) ) ;
#1670 = PLANE ( 'NONE',  #1153 ) ;
#1671 = FACE_BOUND ( 'NONE', #2835, .T. ) ;
#1672 = VERTEX_POINT ( 'NONE', #351 ) ;
#1673 = DIRECTION ( 'NONE',  ( 0.000000000000000000, -1.000000000000000000, 0.000000000000000000 ) ) ;
#1674 = EDGE_CURVE ( 'NONE', #1163, #369, #2011, .T. ) ;
#1675 = APPROVAL_DATE_TIME ( #2997, #2164 ) ;
#1676 = ORIENTED_EDGE ( 'NONE', *, *, #1807, .T. ) ;
#1677 = ORIENTED_EDGE ( 'NONE', *, *, #138, .F. ) ;
#1678 = AXIS2_PLACEMENT_3D ( 'NONE', #799, #1319, #1302 ) ;
#1679 = EDGE_CURVE ( 'NONE', #2830, #1002, #2827, .T. ) ;
#1680 = CARTESIAN_POINT ( 'NONE',  ( 0.1122047244094488277, 0.1377952755905511861, 0.1181102362204724532 ) ) ;
#1681 = DIRECTION ( 'NONE',  ( 1.000000000000000000, 0.000000000000000000, 0.000000000000000000 ) ) ;
#1682 = CARTESIAN_POINT ( 'NONE',  ( 0.1968503937007874127, -0.003937007874015747977, 0.1023622047244094613 ) ) ;
#1683 = ORIENTED_EDGE ( 'NONE', *, *, #2121, .F. ) ;
#1684 = ORIENTED_EDGE ( 'NONE', *, *, #1130, .F. ) ;
#1685 = LINE ( 'NONE', #3286, #880 ) ;
#1686 = CARTESIAN_POINT ( 'NONE',  ( -0.08858267716535433989, 0.1823374350353732243, -0.1043307086614173457 ) ) ;
#1687 = CARTESIAN_POINT ( 'NONE',  ( -0.1968503937007874127, 0.003937007874015747977, 0.1023622047244094613 ) ) ;
#1688 = DIRECTION ( 'NONE',  ( 1.000000000000000000, 0.000000000000000000, 0.000000000000000000 ) ) ;
#1689 = ORIENTED_EDGE ( 'NONE', *, *, #974, .F. ) ;
#1690 = EDGE_CURVE ( 'NONE', #2067, #1848, #2242, .T. ) ;
#1691 = DIRECTION ( 'NONE',  ( 0.000000000000000000, 0.000000000000000000, 1.000000000000000000 ) ) ;
#1692 = VECTOR ( 'NONE', #870, 39.37007874015748143 ) ;
#1693 = AXIS2_PLACEMENT_3D ( 'NONE', #1793, #2019, #1489 ) ;
#1694 = ORIENTED_EDGE ( 'NONE', *, *, #433, .F. ) ;
#1695 = ORIENTED_EDGE ( 'NONE', *, *, #1478, .T. ) ;
#1696 = EDGE_CURVE ( 'NONE', #2720, #724, #1442, .T. ) ;
#1697 = AXIS2_PLACEMENT_3D ( 'NONE', #426, #410, #2035 ) ;
#1698 = LINE ( 'NONE', #2768, #1411 ) ;
#1699 = DIRECTION ( 'NONE',  ( 0.000000000000000000, 0.000000000000000000, 1.000000000000000000 ) ) ;
#1700 = CARTESIAN_POINT ( 'NONE',  ( -0.1653543307086614567, 0.003937007874015747977, -0.1023622047244094613 ) ) ;
#1701 = EDGE_LOOP ( 'NONE', ( #1662, #1281, #3064, #2120 ) ) ;
#1702 = CIRCLE ( 'NONE', #1355, 0.003937007874015741038 ) ;
#1703 = EDGE_CURVE ( 'NONE', #2878, #1453, #1425, .T. ) ;
#1704 = ADVANCED_FACE ( 'NONE', ( #1135 ), #2519, .T. ) ;
#1705 = AXIS2_PLACEMENT_3D ( 'NONE', #2394, #2961, #3475 ) ;
#1706 = LINE ( 'NONE', #570, #97 ) ;
#1707 = CARTESIAN_POINT ( 'NONE',  ( 0.1181102362204724532, 0.000000000000000000, -0.1122047244094488277 ) ) ;
#1708 = DIRECTION ( 'NONE',  ( 1.000000000000000000, 0.000000000000000000, 0.000000000000000000 ) ) ;
#1709 = CARTESIAN_POINT ( 'NONE',  ( 0.08858267716535433989, 0.1377952755905511861, 0.08858267716535433989 ) ) ;
#1710 = ORIENTED_EDGE ( 'NONE', *, *, #1998, .T. ) ;
#1711 = AXIS2_PLACEMENT_3D ( 'NONE', #2913, #2380, #2397 ) ;
#1712 = AXIS2_PLACEMENT_3D ( 'NONE', #1860, #1649, #3483 ) ;
#1713 = DIRECTION ( 'NONE',  ( 0.000000000000000000, 1.000000000000000000, 0.000000000000000000 ) ) ;
#1714 = EDGE_LOOP ( 'NONE', ( #1181, #2568, #1142, #1216 ) ) ;
#1715 = ORIENTED_EDGE ( 'NONE', *, *, #2175, .T. ) ;
#1716 = ORIENTED_EDGE ( 'NONE', *, *, #3404, .F. ) ;
#1717 = PLANE ( 'NONE',  #2945 ) ;
#1718 = LINE ( 'NONE', #906, #2994 ) ;
#1719 = FACE_OUTER_BOUND ( 'NONE', #1189, .T. ) ;
#1720 = ORIENTED_EDGE ( 'NONE', *, *, #3162, .F. ) ;
#1721 = PLANE ( 'NONE',  #1523 ) ;
#1722 = FACE_OUTER_BOUND ( 'NONE', #811, .T. ) ;
#1723 = PLANE ( 'NONE',  #2332 ) ;
#1724 = EDGE_CURVE ( 'NONE', #673, #2403, #3335, .T. ) ;
#1725 = DIRECTION ( 'NONE',  ( 0.000000000000000000, 0.000000000000000000, -1.000000000000000000 ) ) ;
#1726 = ORIENTED_EDGE ( 'NONE', *, *, #1160, .T. ) ;
#1727 = PLANE ( 'NONE',  #2204 ) ;
#1728 = EDGE_CURVE ( 'NONE', #10, #3077, #597, .T. ) ;
#1729 = ORIENTED_EDGE ( 'NONE', *, *, #3449, .T. ) ;
#1730 = ORIENTED_EDGE ( 'NONE', *, *, #576, .T. ) ;
#1731 = ORIENTED_EDGE ( 'NONE', *, *, #298, .F. ) ;
#1732 = CARTESIAN_POINT ( 'NONE',  ( 0.1653543307086614567, 0.003937007874015747977, -0.07480314960629921850 ) ) ;
#1733 = DIRECTION ( 'NONE',  ( -1.000000000000000000, 0.000000000000000000, 0.000000000000000000 ) ) ;
#1734 = DIRECTION ( 'NONE',  ( 0.000000000000000000, -1.000000000000000000, 0.000000000000000000 ) ) ;
#1735 = ORIENTED_EDGE ( 'NONE', *, *, #1814, .T. ) ;
#1736 = AXIS2_PLACEMENT_3D ( 'NONE', #3061, #1396, #67 ) ;
#1737 = CARTESIAN_POINT ( 'NONE',  ( 0.000000000000000000, 0.1299212598425196763, 0.000000000000000000 ) ) ;
#1738 = VECTOR ( 'NONE', #2284, 39.37007874015748143 ) ;
#1739 = DIRECTION ( 'NONE',  ( 1.000000000000000000, 0.000000000000000000, 0.000000000000000000 ) ) ;
#1740 = DIRECTION ( 'NONE',  ( 0.000000000000000000, 0.000000000000000000, 1.000000000000000000 ) ) ;
#1741 = DIRECTION ( 'NONE',  ( -1.016439536705159791E-16, -1.000000000000000000, 0.000000000000000000 ) ) ;
#1742 = ORIENTED_EDGE ( 'NONE', *, *, #1895, .F. ) ;
#1743 = ADVANCED_FACE ( 'NONE', ( #3018 ), #1943, .T. ) ;
#1744 = CARTESIAN_POINT ( 'NONE',  ( -0.08858267716535433989, 0.1377952755905511861, 0.1122047244094488277 ) ) ;
#1745 = ORIENTED_EDGE ( 'NONE', *, *, #3306, .T. ) ;
#1746 = ORIENTED_EDGE ( 'NONE', *, *, #1180, .F. ) ;
#1747 = AXIS2_PLACEMENT_3D ( 'NONE', #3289, #1380, #573 ) ;
#1748 = LINE ( 'NONE', #1207, #3503 ) ;
#1749 = LINE ( 'NONE', #62, #1925 ) ;
#1750 = DIRECTION ( 'NONE',  ( 1.734723475976804925E-15, -1.000000000000000000, 0.000000000000000000 ) ) ;
#1751 = ORIENTED_EDGE ( 'NONE', *, *, #3271, .F. ) ;
#1752 = VECTOR ( 'NONE', #1861, 39.37007874015748143 ) ;
#1753 = FACE_OUTER_BOUND ( 'NONE', #1824, .T. ) ;
#1754 = VECTOR ( 'NONE', #897, 39.37007874015748143 ) ;
#1755 = DIRECTION ( 'NONE',  ( 0.000000000000000000, 1.000000000000000000, 0.000000000000000000 ) ) ;
#1756 = CARTESIAN_POINT ( 'NONE',  ( -0.08858267716535433989, 0.1456692913385826960, 0.08858267716535433989 ) ) ;
#1757 = CARTESIAN_POINT ( 'NONE',  ( 0.1653543307086614567, 0.007874015748031495954, -0.1023622047244094613 ) ) ;
#1758 = ORIENTED_EDGE ( 'NONE', *, *, #298, .T. ) ;
#1759 = ORIENTED_EDGE ( 'NONE', *, *, #1833, .F. ) ;
#1760 = AXIS2_PLACEMENT_3D ( 'NONE', #754, #1004, #739 ) ;
#1761 = ORIENTED_EDGE ( 'NONE', *, *, #2951, .T. ) ;
#1762 = DIRECTION ( 'NONE',  ( 0.000000000000000000, 0.000000000000000000, 1.000000000000000000 ) ) ;
#1763 = CYLINDRICAL_SURFACE ( 'NONE', #443, 0.01181102362204725781 ) ;
#1764 = AXIS2_PLACEMENT_3D ( 'NONE', #759, #1332, #743 ) ;
#1765 = CIRCLE ( 'NONE', #236, 0.003937007874015758385 ) ;
#1766 = VERTEX_POINT ( 'NONE', #3070 ) ;
#1767 = EDGE_CURVE ( 'NONE', #2841, #1168, #174, .T. ) ;
#1768 = ADVANCED_FACE ( 'NONE', ( #1406 ), #3054, .F. ) ;
#1769 = ORIENTED_EDGE ( 'NONE', *, *, #359, .T. ) ;
#1770 = CARTESIAN_POINT ( 'NONE',  ( 0.1653543307086614567, 0.007874015748031495954, -0.1023622047244094613 ) ) ;
#1771 = DIRECTION ( 'NONE',  ( 0.000000000000000000, 0.000000000000000000, 1.000000000000000000 ) ) ;
#1772 = DIRECTION ( 'NONE',  ( 0.000000000000000000, 1.000000000000000000, 0.000000000000000000 ) ) ;
#1773 = ORIENTED_EDGE ( 'NONE', *, *, #3015, .F. ) ;
#1774 = MANIFOLD_SOLID_BREP ( 'Imported7', #2311 ) ;
#1775 = DIRECTION ( 'NONE',  ( 0.000000000000000000, 1.000000000000000000, 0.000000000000000000 ) ) ;
#1776 = DIRECTION ( 'NONE',  ( 1.000000000000000000, 0.000000000000000000, 0.000000000000000000 ) ) ;
#1777 = DIRECTION ( 'NONE',  ( 0.000000000000000000, 1.000000000000000000, 0.000000000000000000 ) ) ;
#1778 = DIRECTION ( 'NONE',  ( 0.000000000000000000, -1.000000000000000000, 0.000000000000000000 ) ) ;
#1779 = ORIENTED_EDGE ( 'NONE', *, *, #535, .F. ) ;
#1780 = VERTEX_POINT ( 'NONE', #2805 ) ;
#1781 = ORIENTED_EDGE ( 'NONE', *, *, #1084, .F. ) ;
#1782 = FACE_OUTER_BOUND ( 'NONE', #621, .T. ) ;
#1783 = DIRECTION ( 'NONE',  ( -1.000000000000000000, 0.000000000000000000, 0.000000000000000000 ) ) ;
#1784 = VERTEX_POINT ( 'NONE', #1208 ) ;
#1785 = ORIENTED_EDGE ( 'NONE', *, *, #2928, .T. ) ;
#1786 = APPLICATION_CONTEXT ( 'configuration controlled 3d designs of mechanical parts and assemblies' ) ;
#1787 = EDGE_CURVE ( 'NONE', #1062, #593, #55, .T. ) ;
#1788 = CARTESIAN_POINT ( 'NONE',  ( 7.974401057224198870E-18, 0.2698445895355191526, -0.06511592618195129190 ) ) ;
#1789 = CARTESIAN_POINT ( 'NONE',  ( -0.08858267716535433989, 0.1299212598425196763, -0.08858267716535433989 ) ) ;
#1790 = FACE_OUTER_BOUND ( 'NONE', #151, .T. ) ;
#1791 = LENGTH_MEASURE_WITH_UNIT ( LENGTH_MEASURE( 0.02539999999999999897 ), #2849 );
#1792 = DIRECTION ( 'NONE',  ( -1.000000000000000000, 0.000000000000000000, 0.000000000000000000 ) ) ;
#1793 = CARTESIAN_POINT ( 'NONE',  ( -0.1181102362204724532, 0.03937007874015747977, 0.1023622047244094613 ) ) ;
#1794 = VERTEX_POINT ( 'NONE', #1460 ) ;
#1795 = VECTOR ( 'NONE', #821, 39.37007874015748143 ) ;
#1796 = VERTEX_POINT ( 'NONE', #2539 ) ;
#1797 = VECTOR ( 'NONE', #1506, 39.37007874015748143 ) ;
#1798 = ORIENTED_EDGE ( 'NONE', *, *, #370, .F. ) ;
#1799 = CARTESIAN_POINT ( 'NONE',  ( 0.1535433070866141780, 0.02755905511811023584, 0.1023622047244094613 ) ) ;
#1800 = FACE_OUTER_BOUND ( 'NONE', #3443, .T. ) ;
#1801 = ORIENTED_EDGE ( 'NONE', *, *, #992, .F. ) ;
#1802 = ORIENTED_EDGE ( 'NONE', *, *, #1061, .T. ) ;
#1803 = VECTOR ( 'NONE', #1585, 39.37007874015748143 ) ;
#1804 = CARTESIAN_POINT ( 'NONE',  ( 0.1181102362204724532, 0.1377952755905511861, -0.1181102362204724532 ) ) ;
#1805 = CARTESIAN_POINT ( 'NONE',  ( 0.1653543307086614567, 0.007874015748031495954, 0.1023622047244094613 ) ) ;
#1806 = DIRECTION ( 'NONE',  ( 0.000000000000000000, 0.000000000000000000, -1.000000000000000000 ) ) ;
#1807 = EDGE_CURVE ( 'NONE', #2190, #3149, #898, .T. ) ;
#1808 = CIRCLE ( 'NONE', #2475, 0.005905511811023620231 ) ;
#1809 = DIRECTION ( 'NONE',  ( 0.000000000000000000, 1.000000000000000000, 0.000000000000000000 ) ) ;
#1810 = PLANE ( 'NONE',  #102 ) ;
#1811 = VERTEX_POINT ( 'NONE', #3350 ) ;
#1812 = AXIS2_PLACEMENT_3D ( 'NONE', #3273, #2508, #2219 ) ;
#1813 = ORIENTED_EDGE ( 'NONE', *, *, #1389, .T. ) ;
#1814 = EDGE_CURVE ( 'NONE', #834, #633, #2485, .T. ) ;
#1815 = EDGE_CURVE ( 'NONE', #1972, #3346, #1749, .T. ) ;
#1816 = ORIENTED_EDGE ( 'NONE', *, *, #1262, .T. ) ;
#1817 = LINE ( 'NONE', #457, #669 ) ;
#1818 = DIRECTION ( 'NONE',  ( -1.000000000000000000, 0.000000000000000000, 0.000000000000000000 ) ) ;
#1819 = AXIS2_PLACEMENT_3D ( 'NONE', #2952, #2434, #518 ) ;
#1820 = AXIS2_PLACEMENT_3D ( 'NONE', #3129, #694, #2541 ) ;
#1821 = CIRCLE ( 'NONE', #1645, 0.01574803149606299885 ) ;
#1822 = VERTEX_POINT ( 'NONE', #2295 ) ;
#1823 = VECTOR ( 'NONE', #2953, 39.37007874015748143 ) ;
#1824 = EDGE_LOOP ( 'NONE', ( #1362, #3285, #2681, #1490 ) ) ;
#1825 = LINE ( 'NONE', #2085, #2208 ) ;
#1826 = DIRECTION ( 'NONE',  ( 0.000000000000000000, -1.000000000000000000, 0.000000000000000000 ) ) ;
#1827 = MANIFOLD_SOLID_BREP ( 'Imported4', #3439 ) ;
#1828 = APPROVAL_ROLE ( '' ) ;
#1829 = DIRECTION ( 'NONE',  ( 0.000000000000000000, 0.000000000000000000, 1.000000000000000000 ) ) ;
#1830 = CARTESIAN_POINT ( 'NONE',  ( 0.08858267716535433989, 0.1456692913385826960, -0.1122047244094488277 ) ) ;
#1831 = ORIENTED_EDGE ( 'NONE', *, *, #3426, .F. ) ;
#1832 = VERTEX_POINT ( 'NONE', #581 ) ;
#1833 = EDGE_CURVE ( 'NONE', #2480, #2340, #317, .T. ) ;
#1834 = EDGE_LOOP ( 'NONE', ( #1531, #1716, #120, #2516 ) ) ;
#1835 = DIRECTION ( 'NONE',  ( 1.000000000000000000, -1.016439536705159791E-16, 0.000000000000000000 ) ) ;
#1836 = DIRECTION ( 'NONE',  ( 1.000000000000000000, 0.000000000000000000, -7.228014483236699514E-17 ) ) ;
#1837 = EDGE_CURVE ( 'NONE', #834, #1640, #504, .T. ) ;
#1838 = VERTEX_POINT ( 'NONE', #1285 ) ;
#1839 = CARTESIAN_POINT ( 'NONE',  ( -0.1614173228346456879, 0.02755905511811023584, -0.07480314960629921850 ) ) ;
#1840 = ORIENTED_EDGE ( 'NONE', *, *, #1574, .T. ) ;
#1841 = CARTESIAN_POINT ( 'NONE',  ( 0.08858267716535433989, 0.1823374350353732243, -0.08858267716535433989 ) ) ;
#1842 = LINE ( 'NONE', #709, #3165 ) ;
#1843 = MANIFOLD_SOLID_BREP ( 'Imported3', #1635 ) ;
#1844 = DATE_AND_TIME ( #3197, #2022 ) ;
#1845 = LINE ( 'NONE', #520, #1077 ) ;
#1846 = DIRECTION ( 'NONE',  ( -1.734723475976804925E-15, -1.000000000000000000, 0.000000000000000000 ) ) ;
#1847 = ORIENTED_EDGE ( 'NONE', *, *, #1130, .T. ) ;
#1848 = VERTEX_POINT ( 'NONE', #1521 ) ;
#1849 = DIRECTION ( 'NONE',  ( -0.000000000000000000, -1.000000000000000000, -0.000000000000000000 ) ) ;
#1850 = DIRECTION ( 'NONE',  ( 0.000000000000000000, 0.000000000000000000, -1.000000000000000000 ) ) ;
#1851 = CARTESIAN_POINT ( 'NONE',  ( -0.1181102362204724532, 0.03149606299212598381, -0.07480314960629921850 ) ) ;
#1852 = ADVANCED_FACE ( 'NONE', ( #3127, #1545, #3106, #1499, #1303, #2086 ), #2315, .T. ) ;
#1853 = AXIS2_PLACEMENT_3D ( 'NONE', #3253, #2990, #556 ) ;
#1854 = ORIENTED_EDGE ( 'NONE', *, *, #823, .F. ) ;
#1855 = CARTESIAN_POINT ( 'NONE',  ( 0.000000000000000000, 0.1299212598425196763, 0.07283464566929134798 ) ) ;
#1856 = ORIENTED_EDGE ( 'NONE', *, *, #2095, .F. ) ;
#1857 = CARTESIAN_POINT ( 'NONE',  ( -0.08858267716535433989, 0.1299212598425196763, 0.1043307086614173457 ) ) ;
#1858 = CARTESIAN_POINT ( 'NONE',  ( -0.1181102362204724532, 0.1299212598425196763, -0.1122047244094488277 ) ) ;
#1859 = CALENDAR_DATE ( 2024, 13, 5 ) ;
#1860 = CARTESIAN_POINT ( 'NONE',  ( 0.1968503937007874127, -0.003937007874015747977, 0.1023622047244094613 ) ) ;
#1861 = DIRECTION ( 'NONE',  ( 0.000000000000000000, -1.000000000000000000, 0.000000000000000000 ) ) ;
#1862 = ORIENTED_EDGE ( 'NONE', *, *, #1913, .T. ) ;
#1863 = ORIENTED_EDGE ( 'NONE', *, *, #459, .F. ) ;
#1864 = ADVANCED_FACE ( 'NONE', ( #2630 ), #2615, .T. ) ;
#1865 = DIRECTION ( 'NONE',  ( 0.000000000000000000, 0.000000000000000000, -1.000000000000000000 ) ) ;
#1866 = AXIS2_PLACEMENT_3D ( 'NONE', #2975, #1364, #2425 ) ;
#1867 = DIRECTION ( 'NONE',  ( 0.000000000000000000, 0.000000000000000000, -1.000000000000000000 ) ) ;
#1868 = LINE ( 'NONE', #2943, #1183 ) ;
#1869 = LINE ( 'NONE', #490, #377 ) ;
#1870 = AXIS2_PLACEMENT_3D ( 'NONE', #2076, #3131, #2602 ) ;
#1871 = CARTESIAN_POINT ( 'NONE',  ( -0.1181102362204724532, 0.1299212598425196763, -0.1181102362204724532 ) ) ;
#1872 = AXIS2_PLACEMENT_3D ( 'NONE', #2343, #2065, #381 ) ;
#1873 = ORIENTED_EDGE ( 'NONE', *, *, #3456, .T. ) ;
#1874 = EDGE_CURVE ( 'NONE', #593, #125, #3181, .T. ) ;
#1875 = FACE_OUTER_BOUND ( 'NONE', #2905, .T. ) ;
#1876 = DIRECTION ( 'NONE',  ( -1.000000000000000000, 0.000000000000000000, 0.000000000000000000 ) ) ;
#1877 = CIRCLE ( 'NONE', #1598, 0.02362204724409448092 ) ;
#1878 = EDGE_CURVE ( 'NONE', #690, #3119, #2056, .T. ) ;
#1879 = CARTESIAN_POINT ( 'NONE',  ( 0.1122047244094488277, 0.1377952755905511861, 0.1181102362204724532 ) ) ;
#1880 = DIRECTION ( 'NONE',  ( 0.000000000000000000, 0.000000000000000000, -1.000000000000000000 ) ) ;
#1881 = ORIENTED_EDGE ( 'NONE', *, *, #2070, .T. ) ;
#1882 = ORIENTED_EDGE ( 'NONE', *, *, #371, .T. ) ;
#1883 = DIRECTION ( 'NONE',  ( 0.000000000000000000, 1.000000000000000000, 0.000000000000000000 ) ) ;
#1884 = DIRECTION ( 'NONE',  ( 0.000000000000000000, 1.000000000000000000, 0.000000000000000000 ) ) ;
#1885 = DIRECTION ( 'NONE',  ( 1.000000000000000000, 0.000000000000000000, 0.000000000000000000 ) ) ;
#1886 = CARTESIAN_POINT ( 'NONE',  ( 0.1181102362204724532, 0.1299212598425196763, -0.1122047244094488277 ) ) ;
#1887 = CARTESIAN_POINT ( 'NONE',  ( -0.08858267716535433989, 0.1823374350353732243, 0.1043307086614173457 ) ) ;
#1888 = ORIENTED_EDGE ( 'NONE', *, *, #1728, .T. ) ;
#1889 = CARTESIAN_POINT ( 'NONE',  ( -0.08858267716535433989, 0.1377952755905511861, -0.08858267716535433989 ) ) ;
#1890 = CYLINDRICAL_SURFACE ( 'NONE', #1304, 0.01574803149606299885 ) ;
#1891 = EDGE_CURVE ( 'NONE', #1027, #417, #1265, .T. ) ;
#1892 = LINE ( 'NONE', #2177, #2551 ) ;
#1893 = PLANE ( 'NONE',  #1973 ) ;
#1894 = VERTEX_POINT ( 'NONE', #2336 ) ;
#1895 = EDGE_CURVE ( 'NONE', #2235, #1052, #1842, .T. ) ;
#1896 = CARTESIAN_POINT ( 'NONE',  ( -0.1614173228346456879, 0.02755905511811023584, 0.1023622047244094613 ) ) ;
#1897 = CYLINDRICAL_SURFACE ( 'NONE', #3252, 0.02362204724409448092 ) ;
#1898 = LINE ( 'NONE', #279, #1917 ) ;
#1899 = CARTESIAN_POINT ( 'NONE',  ( -0.1496062992125984370, 0.03937007874015747977, 0.07480314960629921850 ) ) ;
#1900 = CIRCLE ( 'NONE', #3424, 0.01574803149606299885 ) ;
#1901 = EDGE_CURVE ( 'NONE', #1349, #364, #3161, .T. ) ;
#1902 = ORIENTED_EDGE ( 'NONE', *, *, #733, .F. ) ;
#1903 = DIRECTION ( 'NONE',  ( 1.000000000000000000, -1.016439536705159791E-16, 0.000000000000000000 ) ) ;
#1904 = CARTESIAN_POINT ( 'NONE',  ( -0.1496062992125984370, 0.02755905511811023584, -0.1023622047244094613 ) ) ;
#1905 = EDGE_CURVE ( 'NONE', #3407, #946, #1539, .T. ) ;
#1906 = ORIENTED_EDGE ( 'NONE', *, *, #321, .T. ) ;
#1907 = CARTESIAN_POINT ( 'NONE',  ( 0.1614173228346456879, 0.007874015748031495954, -0.1023622047244094613 ) ) ;
#1908 = EDGE_CURVE ( 'NONE', #946, #3407, #2050, .T. ) ;
#1909 = CARTESIAN_POINT ( 'NONE',  ( -0.1181102362204724532, 0.03937007874015747977, -0.1023622047244094613 ) ) ;
#1910 = VERTEX_POINT ( 'NONE', #1561 ) ;
#1911 = LINE ( 'NONE', #3505, #265 ) ;
#1912 = CYLINDRICAL_SURFACE ( 'NONE', #2799, 0.07283464566929134798 ) ;
#1913 = EDGE_CURVE ( 'NONE', #562, #1910, #2916, .T. ) ;
#1914 = EDGE_CURVE ( 'NONE', #1453, #291, #2483, .T. ) ;
#1915 = CARTESIAN_POINT ( 'NONE',  ( -0.1181102362204724532, 0.03149606299212598381, 0.1023622047244094613 ) ) ;
#1916 = CLOSED_SHELL ( 'NONE', ( #2234, #3058, #2877, #1557, #1974, #1390, #559, #2715, #1981, #1452, #671, #667, #2933, #904 ) ) ;
#1917 = VECTOR ( 'NONE', #1607, 39.37007874015748143 ) ;
#1918 = CARTESIAN_POINT ( 'NONE',  ( 0.1496062992125984370, 0.03149606299212598381, -0.1023622047244094613 ) ) ;
#1919 = CIRCLE ( 'NONE', #2257, 0.003937007874015758385 ) ;
#1920 = VERTEX_POINT ( 'NONE', #3446 ) ;
#1921 = CIRCLE ( 'NONE', #1872, 0.02362204724409448092 ) ;
#1922 = COORDINATED_UNIVERSAL_TIME_OFFSET ( 0, 0, .AHEAD. ) ;
#1923 = DIRECTION ( 'NONE',  ( 0.000000000000000000, -1.000000000000000000, 0.000000000000000000 ) ) ;
#1924 = AXIS2_PLACEMENT_3D ( 'NONE', #408, #1226, #171 ) ;
#1925 = VECTOR ( 'NONE', #851, 39.37007874015748143 ) ;
#1926 = ORIENTED_EDGE ( 'NONE', *, *, #3079, .T. ) ;
#1927 = CARTESIAN_POINT ( 'NONE',  ( 0.08858267716535433989, 0.1299212598425196763, -0.08858267716535433989 ) ) ;
#1928 = DIRECTION ( 'NONE',  ( 0.000000000000000000, -1.000000000000000000, 0.000000000000000000 ) ) ;
#1929 = ORIENTED_EDGE ( 'NONE', *, *, #3379, .F. ) ;
#1930 = AXIS2_PLACEMENT_3D ( 'NONE', #2143, #2453, #2672 ) ;
#1931 = CARTESIAN_POINT ( 'NONE',  ( -0.08858267716535433989, 0.1377952755905511861, -0.08858267716535433989 ) ) ;
#1932 = LINE ( 'NONE', #2000, #477 ) ;
#1933 = FACE_OUTER_BOUND ( 'NONE', #2105, .T. ) ;
#1934 = DIRECTION ( 'NONE',  ( 0.000000000000000000, 0.000000000000000000, -1.000000000000000000 ) ) ;
#1935 = ORIENTED_EDGE ( 'NONE', *, *, #2028, .F. ) ;
#1936 = EDGE_CURVE ( 'NONE', #1408, #2174, #1246, .T. ) ;
#1937 = CARTESIAN_POINT ( 'NONE',  ( -0.1653543307086614567, 0.003937007874015747977, -0.07480314960629921850 ) ) ;
#1938 = EDGE_CURVE ( 'NONE', #537, #1289, #2996, .T. ) ;
#1939 = PERSON_AND_ORGANIZATION ( #1504, #765 ) ;
#1940 = ORIENTED_EDGE ( 'NONE', *, *, #601, .F. ) ;
#1941 = ORIENTED_EDGE ( 'NONE', *, *, #3306, .F. ) ;
#1942 = PLANE ( 'NONE',  #1182 ) ;
#1943 = PLANE ( 'NONE',  #1473 ) ;
#1944 = FACE_OUTER_BOUND ( 'NONE', #300, .T. ) ;
#1945 = ORIENTED_EDGE ( 'NONE', *, *, #1578, .F. ) ;
#1946 = LINE ( 'NONE', #2756, #3098 ) ;
#1947 = CARTESIAN_POINT ( 'NONE',  ( -0.1496062992125984370, 0.02755905511811023584, 0.1023622047244094613 ) ) ;
#1948 = CARTESIAN_POINT ( 'NONE',  ( 0.1535433070866141780, 0.02755905511811023584, 0.07480314960629921850 ) ) ;
#1949 = DIRECTION ( 'NONE',  ( 1.000000000000000000, 0.000000000000000000, 0.000000000000000000 ) ) ;
#1950 = EDGE_LOOP ( 'NONE', ( #162, #1341 ) ) ;
#1951 = DIRECTION ( 'NONE',  ( 0.000000000000000000, 0.000000000000000000, 1.000000000000000000 ) ) ;
#1952 = EDGE_CURVE ( 'NONE', #2079, #2569, #1577, .T. ) ;
#1953 = CIRCLE ( 'NONE', #421, 0.005905511811023620231 ) ;
#1954 = EDGE_CURVE ( 'NONE', #1166, #3455, #2436, .T. ) ;
#1955 = ORIENTED_EDGE ( 'NONE', *, *, #2051, .T. ) ;
#1956 = EDGE_LOOP ( 'NONE', ( #3068, #1402 ) ) ;
#1957 = CARTESIAN_POINT ( 'NONE',  ( -0.1968503937007874127, -0.003937007874015747977, 0.07480314960629921850 ) ) ;
#1958 = CARTESIAN_POINT ( 'NONE',  ( -0.08858267716535433989, 0.1456692913385826960, 0.08858267716535433989 ) ) ;
#1959 = CYLINDRICAL_SURFACE ( 'NONE', #2317, 0.01574803149606299885 ) ;
#1960 = ORIENTED_EDGE ( 'NONE', *, *, #147, .T. ) ;
#1961 = APPROVAL_PERSON_ORGANIZATION ( #577, #2164, #766 ) ;
#1962 = FACE_OUTER_BOUND ( 'NONE', #2871, .T. ) ;
#1963 = DIRECTION ( 'NONE',  ( 0.000000000000000000, 0.000000000000000000, 1.000000000000000000 ) ) ;
#1964 = DIRECTION ( 'NONE',  ( -0.000000000000000000, 1.000000000000000000, 0.000000000000000000 ) ) ;
#1965 = DIRECTION ( 'NONE',  ( 0.000000000000000000, 1.000000000000000000, 0.000000000000000000 ) ) ;
#1966 = ORIENTED_EDGE ( 'NONE', *, *, #777, .F. ) ;
#1967 = PLANE ( 'NONE',  #2537 ) ;
#1968 = VECTOR ( 'NONE', #1865, 39.37007874015748143 ) ;
#1969 = ORIENTED_EDGE ( 'NONE', *, *, #2448, .F. ) ;
#1970 = CIRCLE ( 'NONE', #1458, 0.003937007874015758385 ) ;
#1971 = ORIENTED_EDGE ( 'NONE', *, *, #1195, .F. ) ;
#1972 = VERTEX_POINT ( 'NONE', #828 ) ;
#1973 = AXIS2_PLACEMENT_3D ( 'NONE', #804, #2371, #2969 ) ;
#1974 = ADVANCED_FACE ( 'NONE', ( #2998 ), #547, .T. ) ;
#1975 = DIRECTION ( 'NONE',  ( 0.000000000000000000, 1.000000000000000000, 0.000000000000000000 ) ) ;
#1976 = CARTESIAN_POINT ( 'NONE',  ( -0.1535433070866141780, 0.02755905511811023584, 0.1023622047244094613 ) ) ;
#1977 = AXIS2_PLACEMENT_3D ( 'NONE', #1770, #2277, #2575 ) ;
#1978 = FACE_OUTER_BOUND ( 'NONE', #2015, .T. ) ;
#1979 = ORIENTED_EDGE ( 'NONE', *, *, #1180, .T. ) ;
#1980 = CIRCLE ( 'NONE', #3110, 0.06511592618195129190 ) ;
#1981 = ADVANCED_FACE ( 'NONE', ( #3466 ), #2400, .F. ) ;
#1982 = VECTOR ( 'NONE', #2097, 39.37007874015748143 ) ;
#1983 = DIRECTION ( 'NONE',  ( 1.000000000000000000, 0.000000000000000000, 0.000000000000000000 ) ) ;
#1984 = DIRECTION ( 'NONE',  ( 0.000000000000000000, 0.000000000000000000, 1.000000000000000000 ) ) ;
#1985 = LINE ( 'NONE', #2285, #2438 ) ;
#1986 = DIRECTION ( 'NONE',  ( 0.000000000000000000, 0.000000000000000000, 1.000000000000000000 ) ) ;
#1987 = VERTEX_POINT ( 'NONE', #2932 ) ;
#1988 = AXIS2_PLACEMENT_3D ( 'NONE', #1904, #2732, #268 ) ;
#1989 = VECTOR ( 'NONE', #1777, 39.37007874015748143 ) ;
#1990 = CYLINDRICAL_SURFACE ( 'NONE', #835, 0.02362204724409448092 ) ;
#1991 = EDGE_LOOP ( 'NONE', ( #1551, #1730 ) ) ;
#1992 = VERTEX_POINT ( 'NONE', #2173 ) ;
#1993 = ORIENTED_EDGE ( 'NONE', *, *, #1815, .T. ) ;
#1994 = FACE_OUTER_BOUND ( 'NONE', #3192, .T. ) ;
#1995 = CARTESIAN_POINT ( 'NONE',  ( 0.1181102362204724532, 0.1299212598425196763, 0.1122047244094488277 ) ) ;
#1996 = DIRECTION ( 'NONE',  ( 0.000000000000000000, 0.000000000000000000, 1.000000000000000000 ) ) ;
#1997 = EDGE_LOOP ( 'NONE', ( #862, #1720, #19, #1239 ) ) ;
#1998 = EDGE_CURVE ( 'NONE', #188, #2607, #2718, .T. ) ;
#1999 = LINE ( 'NONE', #3073, #2527 ) ;
#2000 = CARTESIAN_POINT ( 'NONE',  ( -0.1122047244094488277, 0.1299212598425196763, -0.1181102362204724532 ) ) ;
#2001 = CARTESIAN_POINT ( 'NONE',  ( -0.08858267716535433989, 0.1377952755905511861, -0.1043307086614173457 ) ) ;
#2002 = DIRECTION ( 'NONE',  ( -7.228014483236699514E-17, 0.000000000000000000, -1.000000000000000000 ) ) ;
#2003 = ORIENTED_EDGE ( 'NONE', *, *, #3425, .T. ) ;
#2004 = ADVANCED_FACE ( 'NONE', ( #3232 ), #813, .T. ) ;
#2005 = CARTESIAN_POINT ( 'NONE',  ( 0.08858267716535433989, 0.1377952755905511861, -0.08858267716535433989 ) ) ;
#2006 = ORIENTED_EDGE ( 'NONE', *, *, #276, .T. ) ;
#2007 = ORIENTED_EDGE ( 'NONE', *, *, #2855, .T. ) ;
#2008 = ORIENTED_EDGE ( 'NONE', *, *, #1238, .T. ) ;
#2009 = EDGE_CURVE ( 'NONE', #1126, #96, #1663, .T. ) ;
#2010 = LINE ( 'NONE', #2844, #1535 ) ;
#2011 = LINE ( 'NONE', #652, #784 ) ;
#2012 = CARTESIAN_POINT ( 'NONE',  ( -0.1653543307086614567, -0.003937007874015747977, -0.1023622047244094613 ) ) ;
#2013 = VERTEX_POINT ( 'NONE', #256 ) ;
#2014 = VECTOR ( 'NONE', #47, 39.37007874015748143 ) ;
#2015 = EDGE_LOOP ( 'NONE', ( #148, #2362 ) ) ;
#2016 = DIRECTION ( 'NONE',  ( 0.000000000000000000, 0.000000000000000000, 1.000000000000000000 ) ) ;
#2017 = DIRECTION ( 'NONE',  ( 1.000000000000000000, 0.000000000000000000, 0.000000000000000000 ) ) ;
#2018 = DIRECTION ( 'NONE',  ( 0.000000000000000000, 0.000000000000000000, 1.000000000000000000 ) ) ;
#2019 = DIRECTION ( 'NONE',  ( 1.000000000000000000, 0.000000000000000000, 0.000000000000000000 ) ) ;
#2020 = EDGE_LOOP ( 'NONE', ( #643, #2760, #3132, #3377 ) ) ;
#2021 = EDGE_LOOP ( 'NONE', ( #1417, #548, #3415, #742 ) ) ;
#2022 = LOCAL_TIME ( 16, 4, 9.000000000000000000, #2369 ) ;
#2023 = ADVANCED_FACE ( 'NONE', ( #2980 ), #1890, .T. ) ;
#2024 = EDGE_CURVE ( 'NONE', #1299, #2207, #1337, .T. ) ;
#2025 = ORIENTED_EDGE ( 'NONE', *, *, #1660, .T. ) ;
#2026 = DIRECTION ( 'NONE',  ( 0.000000000000000000, 0.000000000000000000, -1.000000000000000000 ) ) ;
#2027 = DIRECTION ( 'NONE',  ( -1.000000000000000000, 0.000000000000000000, 0.000000000000000000 ) ) ;
#2028 = EDGE_CURVE ( 'NONE', #291, #2820, #2123, .T. ) ;
#2029 = ORIENTED_EDGE ( 'NONE', *, *, #1938, .F. ) ;
#2030 = VECTOR ( 'NONE', #2443, 39.37007874015748143 ) ;
#2031 = ORIENTED_EDGE ( 'NONE', *, *, #1905, .T. ) ;
#2032 = AXIS2_PLACEMENT_3D ( 'NONE', #607, #2197, #343 ) ;
#2033 = DIRECTION ( 'NONE',  ( 0.000000000000000000, -1.000000000000000000, 0.000000000000000000 ) ) ;
#2034 = DIRECTION ( 'NONE',  ( 0.000000000000000000, 0.000000000000000000, 1.000000000000000000 ) ) ;
#2035 = DIRECTION ( 'NONE',  ( -1.734723475976804925E-15, 1.000000000000000000, 0.000000000000000000 ) ) ;
#2036 = ORIENTED_EDGE ( 'NONE', *, *, #2976, .T. ) ;
#2037 = AXIS2_PLACEMENT_3D ( 'NONE', #1374, #2467, #582 ) ;
#2038 = CARTESIAN_POINT ( 'NONE',  ( 0.1968503937007874127, -0.003937007874015747977, -0.1023622047244094613 ) ) ;
#2039 = AXIS2_PLACEMENT_3D ( 'NONE', #985, #2327, #419 ) ;
#2040 = LINE ( 'NONE', #2809, #989 ) ;
#2041 = CARTESIAN_POINT ( 'NONE',  ( -0.1181102362204724532, 0.03937007874015747977, -0.1023622047244094613 ) ) ;
#2042 = CARTESIAN_POINT ( 'NONE',  ( -0.1653543307086614567, 0.007874015748031495954, -0.1023622047244094613 ) ) ;
#2043 = ORIENTED_EDGE ( 'NONE', *, *, #2442, .T. ) ;
#2044 = ORIENTED_EDGE ( 'NONE', *, *, #992, .T. ) ;
#2045 = CIRCLE ( 'NONE', #503, 0.005905511811023620231 ) ;
#2046 = AXIS2_PLACEMENT_3D ( 'NONE', #336, #1699, #2501 ) ;
#2047 = ORIENTED_EDGE ( 'NONE', *, *, #2420, .T. ) ;
#2048 = FACE_OUTER_BOUND ( 'NONE', #1464, .T. ) ;
#2049 = DIRECTION ( 'NONE',  ( 1.000000000000000000, 0.000000000000000000, 0.000000000000000000 ) ) ;
#2050 = CIRCLE ( 'NONE', #3457, 0.01574803149606299191 ) ;
#2051 = EDGE_CURVE ( 'NONE', #2207, #1044, #1475, .T. ) ;
#2052 = AXIS2_PLACEMENT_3D ( 'NONE', #26, #11, #1085 ) ;
#2053 = VERTEX_POINT ( 'NONE', #1858 ) ;
#2054 = ORIENTED_EDGE ( 'NONE', *, *, #933, .F. ) ;
#2055 = CARTESIAN_POINT ( 'NONE',  ( -0.1614173228346456879, 0.007874015748031495954, -0.1023622047244094613 ) ) ;
#2056 = LINE ( 'NONE', #3409, #2605 ) ;
#2057 = LINE ( 'NONE', #2882, #3327 ) ;
#2058 = CC_DESIGN_PERSON_AND_ORGANIZATION_ASSIGNMENT ( #1131, #1032, ( #991 ) ) ;
#2059 = CARTESIAN_POINT ( 'NONE',  ( -0.08858267716535433989, 0.1141732283464566844, 0.08858267716535433989 ) ) ;
#2060 = LINE ( 'NONE', #681, #1128 ) ;
#2061 = PLANE ( 'NONE',  #1870 ) ;
#2062 = ORIENTED_EDGE ( 'NONE', *, *, #1080, .T. ) ;
#2063 = ORIENTED_EDGE ( 'NONE', *, *, #2238, .T. ) ;
#2064 = EDGE_LOOP ( 'NONE', ( #2287, #2697, #2263, #1969, #133, #89, #2626, #2586, #3298, #3359, #3348, #2782 ) ) ;
#2065 = DIRECTION ( 'NONE',  ( 0.000000000000000000, 1.000000000000000000, 0.000000000000000000 ) ) ;
#2066 = CARTESIAN_POINT ( 'NONE',  ( -0.08858267716535433989, 0.1456692913385826960, 0.06496062992125986590 ) ) ;
#2067 = VERTEX_POINT ( 'NONE', #2669 ) ;
#2068 = EDGE_CURVE ( 'NONE', #2480, #1137, #1418, .T. ) ;
#2069 = ORIENTED_EDGE ( 'NONE', *, *, #3420, .T. ) ;
#2070 = EDGE_CURVE ( 'NONE', #1784, #2253, #2414, .T. ) ;
#2071 = EDGE_CURVE ( 'NONE', #848, #2293, #3226, .T. ) ;
#2072 = CARTESIAN_POINT ( 'NONE',  ( -0.1181102362204724532, 0.03937007874015747977, -0.1023622047244094613 ) ) ;
#2073 = DIRECTION ( 'NONE',  ( 0.000000000000000000, 1.000000000000000000, 0.000000000000000000 ) ) ;
#2074 = DIRECTION ( 'NONE',  ( 0.000000000000000000, 0.000000000000000000, 1.000000000000000000 ) ) ;
#2075 = CARTESIAN_POINT ( 'NONE',  ( 0.1968503937007874127, -0.003937007874015747977, -0.07480314960629921850 ) ) ;
#2076 = CARTESIAN_POINT ( 'NONE',  ( -0.1653543307086614567, 0.003937007874015747977, 0.1023622047244094613 ) ) ;
#2077 = ORIENTED_EDGE ( 'NONE', *, *, #2363, .T. ) ;
#2078 = ORIENTED_EDGE ( 'NONE', *, *, #65, .T. ) ;
#2079 = VERTEX_POINT ( 'NONE', #1046 ) ;
#2080 = CARTESIAN_POINT ( 'NONE',  ( 0.1535433070866141780, 0.02755905511811023584, -0.07480314960629921850 ) ) ;
#2081 = CARTESIAN_POINT ( 'NONE',  ( 0.1181102362204724532, 0.1299212598425196763, 0.1122047244094488277 ) ) ;
#2082 = ORIENTED_EDGE ( 'NONE', *, *, #2051, .F. ) ;
#2083 = ORIENTED_EDGE ( 'NONE', *, *, #138, .T. ) ;
#2084 = CIRCLE ( 'NONE', #2419, 0.005905511811023620231 ) ;
#2085 = CARTESIAN_POINT ( 'NONE',  ( -0.1181102362204724532, 0.03149606299212598381, -0.1023622047244094613 ) ) ;
#2086 = FACE_BOUND ( 'NONE', #145, .T. ) ;
#2087 = ADVANCED_FACE ( 'NONE', ( #240 ), #2141, .F. ) ;
#2088 = AXIS2_PLACEMENT_3D ( 'NONE', #1465, #1486, #141 ) ;
#2089 = DIRECTION ( 'NONE',  ( -0.000000000000000000, 1.000000000000000000, 0.000000000000000000 ) ) ;
#2090 = DIRECTION ( 'NONE',  ( 0.000000000000000000, 1.000000000000000000, 0.000000000000000000 ) ) ;
#2091 = CARTESIAN_POINT ( 'NONE',  ( 0.1496062992125984370, 0.03937007874015747977, -0.1023622047244094613 ) ) ;
#2092 = ORIENTED_EDGE ( 'NONE', *, *, #1143, .T. ) ;
#2093 = VECTOR ( 'NONE', #2144, 39.37007874015748143 ) ;
#2094 = ORIENTED_EDGE ( 'NONE', *, *, #2206, .T. ) ;
#2095 = EDGE_CURVE ( 'NONE', #179, #673, #2544, .T. ) ;
#2096 = ORIENTED_EDGE ( 'NONE', *, *, #3162, .T. ) ;
#2097 = DIRECTION ( 'NONE',  ( -1.000000000000000000, 0.000000000000000000, 0.000000000000000000 ) ) ;
#2098 = LINE ( 'NONE', #184, #1409 ) ;
#2099 = VECTOR ( 'NONE', #3349, 39.37007874015748143 ) ;
#2100 = VECTOR ( 'NONE', #1835, 39.37007874015748143 ) ;
#2101 = VECTOR ( 'NONE', #204, 39.37007874015748143 ) ;
#2102 = ORIENTED_EDGE ( 'NONE', *, *, #2206, .F. ) ;
#2103 = LINE ( 'NONE', #1839, #613 ) ;
#2104 = VECTOR ( 'NONE', #3396, 39.37007874015748143 ) ;
#2105 = EDGE_LOOP ( 'NONE', ( #1769, #3031, #3101, #2237, #60, #885, #2102, #1781, #2008, #3072, #3423, #2274 ) ) ;
#2106 = CARTESIAN_POINT ( 'NONE',  ( -0.1496062992125984370, 0.03149606299212598381, -0.1023622047244094613 ) ) ;
#2107 = DIRECTION ( 'NONE',  ( 0.000000000000000000, 1.000000000000000000, 0.000000000000000000 ) ) ;
#2108 = MECHANICAL_CONTEXT ( 'NONE', #1786, 'mechanical' ) ;
#2109 = CARTESIAN_POINT ( 'NONE',  ( -0.1122047244094488277, 0.1299212598425196763, 0.1122047244094488277 ) ) ;
#2110 = ADVANCED_FACE ( 'NONE', ( #287 ), #1370, .T. ) ;
#2111 = DIRECTION ( 'NONE',  ( 0.000000000000000000, 0.000000000000000000, 1.000000000000000000 ) ) ;
#2112 = ORIENTED_EDGE ( 'NONE', *, *, #1837, .T. ) ;
#2113 = ORIENTED_EDGE ( 'NONE', *, *, #2842, .T. ) ;
#2114 = CARTESIAN_POINT ( 'NONE',  ( -0.08858267716535433989, 0.1377952755905511861, 0.08858267716535433989 ) ) ;
#2115 = DIRECTION ( 'NONE',  ( 0.000000000000000000, 0.000000000000000000, -1.000000000000000000 ) ) ;
#2116 = EDGE_CURVE ( 'NONE', #999, #1349, #3279, .T. ) ;
#2117 = DIRECTION ( 'NONE',  ( 0.000000000000000000, 0.000000000000000000, -1.000000000000000000 ) ) ;
#2118 = EDGE_LOOP ( 'NONE', ( #217, #452 ) ) ;
#2119 = FACE_OUTER_BOUND ( 'NONE', #245, .T. ) ;
#2120 = ORIENTED_EDGE ( 'NONE', *, *, #701, .F. ) ;
#2121 = EDGE_CURVE ( 'NONE', #2249, #779, #1385, .T. ) ;
#2122 = DIRECTION ( 'NONE',  ( 1.000000000000000000, 0.000000000000000000, 0.000000000000000000 ) ) ;
#2123 = LINE ( 'NONE', #1643, #1823 ) ;
#2124 = PERSON_AND_ORGANIZATION ( #1504, #765 ) ;
#2125 = FACE_OUTER_BOUND ( 'NONE', #2220, .T. ) ;
#2126 = CARTESIAN_POINT ( 'NONE',  ( -0.08858267716535433989, 0.1377952755905511861, -0.07283464566929134798 ) ) ;
#2127 = ORIENTED_EDGE ( 'NONE', *, *, #860, .T. ) ;
#2128 = ORIENTED_EDGE ( 'NONE', *, *, #532, .T. ) ;
#2129 = DIRECTION ( 'NONE',  ( 1.000000000000000000, -1.734723475976804925E-15, 0.000000000000000000 ) ) ;
#2130 = LINE ( 'NONE', #2393, #1795 ) ;
#2131 = CARTESIAN_POINT ( 'NONE',  ( 0.1653543307086614567, 0.003937007874015747977, -0.1023622047244094613 ) ) ;
#2132 = PLANE ( 'NONE',  #3442 ) ;
#2133 = EDGE_CURVE ( 'NONE', #1832, #418, #2103, .T. ) ;
#2134 = EDGE_CURVE ( 'NONE', #1910, #2249, #1652, .T. ) ;
#2135 = DIRECTION ( 'NONE',  ( -1.016439536705159791E-16, -1.000000000000000000, 0.000000000000000000 ) ) ;
#2136 = AXIS2_PLACEMENT_3D ( 'NONE', #695, #192, #449 ) ;
#2137 = ORIENTED_EDGE ( 'NONE', *, *, #393, .T. ) ;
#2138 = ADVANCED_FACE ( 'NONE', ( #2696 ), #2361, .F. ) ;
#2139 = CC_DESIGN_SECURITY_CLASSIFICATION ( #991, ( #1222 ) ) ;
#2140 = DIRECTION ( 'NONE',  ( 0.000000000000000000, 1.000000000000000000, 0.000000000000000000 ) ) ;
#2141 = CYLINDRICAL_SURFACE ( 'NONE', #2, 0.01574803149606299885 ) ;
#2142 = PERSON_AND_ORGANIZATION_ROLE ( 'creator' ) ;
#2143 = CARTESIAN_POINT ( 'NONE',  ( -0.08858267716535433989, 0.1377952755905511861, 0.08858267716535433989 ) ) ;
#2144 = DIRECTION ( 'NONE',  ( 0.000000000000000000, 0.000000000000000000, 1.000000000000000000 ) ) ;
#2145 = VERTEX_POINT ( 'NONE', #3227 ) ;
#2146 = EDGE_LOOP ( 'NONE', ( #988, #305 ) ) ;
#2147 = CIRCLE ( 'NONE', #1003, 0.01574803149606299191 ) ;
#2148 = DIRECTION ( 'NONE',  ( 0.000000000000000000, 0.000000000000000000, 1.000000000000000000 ) ) ;
#2149 = AXIS2_PLACEMENT_3D ( 'NONE', #1469, #714, #1215 ) ;
#2150 = DIRECTION ( 'NONE',  ( 0.000000000000000000, 0.000000000000000000, 1.000000000000000000 ) ) ;
#2151 = DIRECTION ( 'NONE',  ( -1.000000000000000000, -1.016439536705159791E-16, 0.000000000000000000 ) ) ;
#2152 = VECTOR ( 'NONE', #1778, 39.37007874015748143 ) ;
#2153 = CARTESIAN_POINT ( 'NONE',  ( -0.1181102362204724532, 0.03149606299212598381, 0.1023622047244094613 ) ) ;
#2154 = VECTOR ( 'NONE', #176, 39.37007874015748143 ) ;
#2155 = VECTOR ( 'NONE', #3120, 39.37007874015748143 ) ;
#2156 = VERTEX_POINT ( 'NONE', #1899 ) ;
#2157 = DIRECTION ( 'NONE',  ( 0.000000000000000000, 0.000000000000000000, -1.000000000000000000 ) ) ;
#2158 = DIRECTION ( 'NONE',  ( 0.000000000000000000, 1.000000000000000000, 0.000000000000000000 ) ) ;
#2159 = AXIS2_PLACEMENT_3D ( 'NONE', #3178, #810, #3463 ) ;
#2160 = AXIS2_PLACEMENT_3D ( 'NONE', #1214, #1488, #1792 ) ;
#2161 = CARTESIAN_POINT ( 'NONE',  ( 0.1122047244094488277, 0.1299212598425196763, 0.1181102362204724532 ) ) ;
#2162 = DIRECTION ( 'NONE',  ( 1.000000000000000000, 0.000000000000000000, 0.000000000000000000 ) ) ;
#2163 = VERTEX_POINT ( 'NONE', #2977 ) ;
#2164 = APPROVAL ( #481, 'UNSPECIFIED' ) ;
#2165 = CARTESIAN_POINT ( 'NONE',  ( -0.1968503937007874127, -0.003937007874015747977, 0.1023622047244094613 ) ) ;
#2166 = FACE_OUTER_BOUND ( 'NONE', #1582, .T. ) ;
#2167 = DIRECTION ( 'NONE',  ( 0.000000000000000000, 0.000000000000000000, -1.000000000000000000 ) ) ;
#2168 = DIRECTION ( 'NONE',  ( 0.000000000000000000, 0.000000000000000000, 1.000000000000000000 ) ) ;
#2169 = DIRECTION ( 'NONE',  ( 0.000000000000000000, 0.000000000000000000, -1.000000000000000000 ) ) ;
#2170 = ORIENTED_EDGE ( 'NONE', *, *, #2009, .T. ) ;
#2171 = ADVANCED_FACE ( 'NONE', ( #543 ), #1638, .F. ) ;
#2172 = PLANE ( 'NONE',  #1819 ) ;
#2173 = CARTESIAN_POINT ( 'NONE',  ( -0.1614173228346456879, 0.02755905511811023584, 0.07480314960629921850 ) ) ;
#2174 = VERTEX_POINT ( 'NONE', #516 ) ;
#2175 = EDGE_CURVE ( 'NONE', #1453, #1011, #2964, .T. ) ;
#2176 = EDGE_CURVE ( 'NONE', #1384, #2878, #231, .T. ) ;
#2177 = CARTESIAN_POINT ( 'NONE',  ( -0.1614173228346456879, 0.02755905511811023584, 0.1023622047244094613 ) ) ;
#2178 = CARTESIAN_POINT ( 'NONE',  ( -0.08858267716535433989, 0.1456692913385826960, 0.1122047244094488277 ) ) ;
#2179 = ORIENTED_EDGE ( 'NONE', *, *, #622, .F. ) ;
#2180 = CARTESIAN_POINT ( 'NONE',  ( -0.1122047244094488277, 0.1377952755905511861, 0.1122047244094488277 ) ) ;
#2181 = DIRECTION ( 'NONE',  ( 0.000000000000000000, 1.000000000000000000, 0.000000000000000000 ) ) ;
#2182 = DIRECTION ( 'NONE',  ( -1.000000000000000000, 0.000000000000000000, 0.000000000000000000 ) ) ;
#2183 = DIRECTION ( 'NONE',  ( 1.000000000000000000, 0.000000000000000000, 0.000000000000000000 ) ) ;
#2184 = AXIS2_PLACEMENT_3D ( 'NONE', #1642, #3445, #1014 ) ;
#2185 = ORIENTED_EDGE ( 'NONE', *, *, #1428, .T. ) ;
#2186 = LOCAL_TIME ( 16, 4, 9.000000000000000000, #2901 ) ;
#2187 = DIRECTION ( 'NONE',  ( 0.000000000000000000, 1.000000000000000000, 0.000000000000000000 ) ) ;
#2188 = CARTESIAN_POINT ( 'NONE',  ( 0.1122047244094488277, 0.1299212598425196763, 0.1122047244094488277 ) ) ;
#2189 = CC_DESIGN_APPROVAL ( #1148, ( #1222 ) ) ;
#2190 = VERTEX_POINT ( 'NONE', #1609 ) ;
#2191 = DIRECTION ( 'NONE',  ( 0.000000000000000000, 1.000000000000000000, 0.000000000000000000 ) ) ;
#2192 = FACE_BOUND ( 'NONE', #969, .T. ) ;
#2193 = ORIENTED_EDGE ( 'NONE', *, *, #127, .T. ) ;
#2194 = LINE ( 'NONE', #2775, #2874 ) ;
#2195 = DIRECTION ( 'NONE',  ( 1.000000000000000000, -1.016439536705159791E-16, 0.000000000000000000 ) ) ;
#2196 = CARTESIAN_POINT ( 'NONE',  ( 0.08858267716535433989, 0.1377952755905511861, -0.08858267716535433989 ) ) ;
#2197 = DIRECTION ( 'NONE',  ( 0.000000000000000000, -1.000000000000000000, 0.000000000000000000 ) ) ;
#2198 = VECTOR ( 'NONE', #3188, 39.37007874015748143 ) ;
#2199 = EDGE_CURVE ( 'NONE', #1794, #1163, #2895, .T. ) ;
#2200 = VECTOR ( 'NONE', #1949, 39.37007874015748143 ) ;
#2201 = PRODUCT_DEFINITION_SHAPE ( 'NONE', 'NONE',  #3111 ) ;
#2202 = DIRECTION ( 'NONE',  ( 0.000000000000000000, -1.000000000000000000, 0.000000000000000000 ) ) ;
#2203 = VECTOR ( 'NONE', #3248, 39.37007874015748143 ) ;
#2204 = AXIS2_PLACEMENT_3D ( 'NONE', #2495, #2221, #1366 ) ;
#2205 = CARTESIAN_POINT ( 'NONE',  ( 0.1653543307086614567, -0.003937007874015747977, -0.1023622047244094613 ) ) ;
#2206 = EDGE_CURVE ( 'NONE', #266, #3117, #3, .T. ) ;
#2207 = VERTEX_POINT ( 'NONE', #2948 ) ;
#2208 = VECTOR ( 'NONE', #729, 39.37007874015748143 ) ;
#2209 = VERTEX_POINT ( 'NONE', #1008 ) ;
#2210 = VECTOR ( 'NONE', #1627, 39.37007874015748143 ) ;
#2211 = CARTESIAN_POINT ( 'NONE',  ( 0.1122047244094488277, 0.1377952755905511861, 0.1122047244094488277 ) ) ;
#2212 = DIRECTION ( 'NONE',  ( 0.000000000000000000, 0.000000000000000000, 1.000000000000000000 ) ) ;
#2213 = ORIENTED_EDGE ( 'NONE', *, *, #3258, .T. ) ;
#2214 = AXIS2_PLACEMENT_3D ( 'NONE', #356, #657, #1448 ) ;
#2215 = EDGE_CURVE ( 'NONE', #2145, #2907, #175, .T. ) ;
#2216 = CARTESIAN_POINT ( 'NONE',  ( -0.1968503937007874127, -0.003937007874015747977, -0.1023622047244094613 ) ) ;
#2217 = DIRECTION ( 'NONE',  ( -1.000000000000000000, 0.000000000000000000, 0.000000000000000000 ) ) ;
#2218 = DIRECTION ( 'NONE',  ( -1.000000000000000000, 1.016439536705159791E-16, 0.000000000000000000 ) ) ;
#2219 = DIRECTION ( 'NONE',  ( 1.000000000000000000, 0.000000000000000000, 0.000000000000000000 ) ) ;
#2220 = EDGE_LOOP ( 'NONE', ( #1694, #2549, #1271, #900 ) ) ;
#2221 = DIRECTION ( 'NONE',  ( 0.000000000000000000, -1.000000000000000000, 0.000000000000000000 ) ) ;
#2222 = VERTEX_POINT ( 'NONE', #1059 ) ;
#2223 = ORIENTED_EDGE ( 'NONE', *, *, #71, .T. ) ;
#2224 = DIRECTION ( 'NONE',  ( 0.000000000000000000, -1.000000000000000000, 0.000000000000000000 ) ) ;
#2225 = DIRECTION ( 'NONE',  ( 0.000000000000000000, 0.000000000000000000, -1.000000000000000000 ) ) ;
#2226 = DIRECTION ( 'NONE',  ( 0.000000000000000000, 0.000000000000000000, -1.000000000000000000 ) ) ;
#2227 = ORIENTED_EDGE ( 'NONE', *, *, #645, .T. ) ;
#2228 = CARTESIAN_POINT ( 'NONE',  ( -0.1181102362204724532, 0.1299212598425196763, -0.1181102362204724532 ) ) ;
#2229 = DIRECTION ( 'NONE',  ( 0.000000000000000000, -1.000000000000000000, 0.000000000000000000 ) ) ;
#2230 = PLANE ( 'NONE',  #1658 ) ;
#2231 = CARTESIAN_POINT ( 'NONE',  ( 0.1496062992125984370, 0.02755905511811023584, -0.1023622047244094613 ) ) ;
#2232 = VERTEX_POINT ( 'NONE', #1028 ) ;
#2233 = FACE_OUTER_BOUND ( 'NONE', #2020, .T. ) ;
#2234 = ADVANCED_FACE ( 'NONE', ( #2119 ), #528, .F. ) ;
#2235 = VERTEX_POINT ( 'NONE', #2680 ) ;
#2236 = VECTOR ( 'NONE', #2444, 39.37007874015748143 ) ;
#2237 = ORIENTED_EDGE ( 'NONE', *, *, #3420, .F. ) ;
#2238 = EDGE_CURVE ( 'NONE', #738, #1423, #2610, .T. ) ;
#2239 = VERTEX_POINT ( 'NONE', #2643 ) ;
#2240 = CIRCLE ( 'NONE', #2581, 0.05921257006065491768 ) ;
#2241 = FACE_OUTER_BOUND ( 'NONE', #42, .T. ) ;
#2242 = LINE ( 'NONE', #3033, #3049 ) ;
#2243 = CARTESIAN_POINT ( 'NONE',  ( -0.1496062992125984370, 0.02755905511811023584, -0.1023622047244094613 ) ) ;
#2244 = VERTEX_POINT ( 'NONE', #1855 ) ;
#2245 = CARTESIAN_POINT ( 'NONE',  ( 0.1535433070866141780, 0.02755905511811023584, 0.1023622047244094613 ) ) ;
#2246 = DIRECTION ( 'NONE',  ( 0.000000000000000000, 0.000000000000000000, -1.000000000000000000 ) ) ;
#2247 = DIRECTION ( 'NONE',  ( 0.000000000000000000, 0.000000000000000000, -1.000000000000000000 ) ) ;
#2248 = DIRECTION ( 'NONE',  ( 0.000000000000000000, 0.000000000000000000, 1.000000000000000000 ) ) ;
#2249 = VERTEX_POINT ( 'NONE', #1279 ) ;
#2250 = EDGE_CURVE ( 'NONE', #2053, #364, #2927, .T. ) ;
#2251 = CARTESIAN_POINT ( 'NONE',  ( -0.08858267716535433989, 0.1823374350353732243, 0.08858267716535433989 ) ) ;
#2252 = CIRCLE ( 'NONE', #3156, 0.02362204724409448092 ) ;
#2253 = VERTEX_POINT ( 'NONE', #1317 ) ;
#2254 = CIRCLE ( 'NONE', #323, 0.01181102362204724046 ) ;
#2255 = ORIENTED_EDGE ( 'NONE', *, *, #1512, .F. ) ;
#2256 = ORIENTED_EDGE ( 'NONE', *, *, #733, .T. ) ;
#2257 = AXIS2_PLACEMENT_3D ( 'NONE', #3453, #2212, #884 ) ;
#2258 = EDGE_CURVE ( 'NONE', #3282, #3035, #1589, .T. ) ;
#2259 = LINE ( 'NONE', #1957, #727 ) ;
#2260 = CARTESIAN_POINT ( 'NONE',  ( -0.08858267716535433989, 0.1456692913385826960, -0.1122047244094488277 ) ) ;
#2261 = VECTOR ( 'NONE', #2518, 39.37007874015748143 ) ;
#2262 = DIRECTION ( 'NONE',  ( 0.000000000000000000, -1.000000000000000000, 0.000000000000000000 ) ) ;
#2263 = ORIENTED_EDGE ( 'NONE', *, *, #2496, .F. ) ;
#2264 = VECTOR ( 'NONE', #2350, 39.37007874015748143 ) ;
#2265 = CARTESIAN_POINT ( 'NONE',  ( 0.1496062992125984370, 0.02755905511811023584, 0.1023622047244094613 ) ) ;
#2266 = CARTESIAN_POINT ( 'NONE',  ( 0.1653543307086614567, 0.003937007874015747977, 0.1023622047244094613 ) ) ;
#2267 = CARTESIAN_POINT ( 'NONE',  ( 0.1122047244094488277, 0.000000000000000000, 0.1181102362204724532 ) ) ;
#2268 = DIRECTION ( 'NONE',  ( 0.000000000000000000, 0.000000000000000000, -1.000000000000000000 ) ) ;
#2269 = ORIENTED_EDGE ( 'NONE', *, *, #2789, .T. ) ;
#2270 = VECTOR ( 'NONE', #3497, 39.37007874015748143 ) ;
#2271 = ADVANCED_FACE ( 'NONE', ( #1623 ), #264, .F. ) ;
#2272 = AXIS2_PLACEMENT_3D ( 'NONE', #465, #3183, #193 ) ;
#2273 = FACE_OUTER_BOUND ( 'NONE', #529, .T. ) ;
#2274 = ORIENTED_EDGE ( 'NONE', *, *, #3353, .T. ) ;
#2275 = ORIENTED_EDGE ( 'NONE', *, *, #3406, .F. ) ;
#2276 = EDGE_LOOP ( 'NONE', ( #363, #2509, #1173, #1715 ) ) ;
#2277 = DIRECTION ( 'NONE',  ( 0.000000000000000000, 0.000000000000000000, -1.000000000000000000 ) ) ;
#2278 = DIRECTION ( 'NONE',  ( 0.000000000000000000, 0.000000000000000000, 1.000000000000000000 ) ) ;
#2279 = FACE_OUTER_BOUND ( 'NONE', #2353, .T. ) ;
#2280 = ORIENTED_EDGE ( 'NONE', *, *, #2529, .F. ) ;
#2281 = ADVANCED_FACE ( 'NONE', ( #374 ), #625, .F. ) ;
#2282 = ADVANCED_FACE ( 'NONE', ( #3342 ), #3301, .T. ) ;
#2283 = CARTESIAN_POINT ( 'NONE',  ( -0.08858267716535433989, 0.1299212598425196763, 0.08858267716535433989 ) ) ;
#2284 = DIRECTION ( 'NONE',  ( 0.000000000000000000, 0.000000000000000000, 1.000000000000000000 ) ) ;
#2285 = CARTESIAN_POINT ( 'NONE',  ( 0.1968503937007874127, 0.003937007874015747977, 0.1023622047244094613 ) ) ;
#2286 = PLANE ( 'NONE',  #2938 ) ;
#2287 = ORIENTED_EDGE ( 'NONE', *, *, #1312, .T. ) ;
#2288 = ORIENTED_EDGE ( 'NONE', *, *, #386, .T. ) ;
#2289 = ORIENTED_EDGE ( 'NONE', *, *, #1124, .F. ) ;
#2290 = CARTESIAN_POINT ( 'NONE',  ( 0.000000000000000000, 0.2698445895355191526, 0.000000000000000000 ) ) ;
#2291 = DIRECTION ( 'NONE',  ( 0.000000000000000000, -1.000000000000000000, 0.000000000000000000 ) ) ;
#2292 = EDGE_LOOP ( 'NONE', ( #826, #38, #982, #1485, #3312, #3435, #654, #1236, #1116, #1403, #3134, #769 ) ) ;
#2293 = VERTEX_POINT ( 'NONE', #3321 ) ;
#2294 = CARTESIAN_POINT ( 'NONE',  ( 0.1496062992125984370, 0.03149606299212598381, 0.1023622047244094613 ) ) ;
#2295 = CARTESIAN_POINT ( 'NONE',  ( 0.1122047244094488277, 0.1299212598425196763, -0.1181102362204724532 ) ) ;
#2296 = DIRECTION ( 'NONE',  ( 0.000000000000000000, -1.000000000000000000, 0.000000000000000000 ) ) ;
#2297 = EDGE_LOOP ( 'NONE', ( #103, #1277, #3083, #456 ) ) ;
#2298 = CIRCLE ( 'NONE', #1570, 0.01574803149606299191 ) ;
#2299 = CARTESIAN_POINT ( 'NONE',  ( -0.1968503937007874127, -0.003937007874015747977, 0.1023622047244094613 ) ) ;
#2300 = FACE_BOUND ( 'NONE', #338, .T. ) ;
#2301 = DIRECTION ( 'NONE',  ( 0.000000000000000000, 0.000000000000000000, -1.000000000000000000 ) ) ;
#2302 = EDGE_CURVE ( 'NONE', #1640, #834, #3400, .T. ) ;
#2303 = FACE_OUTER_BOUND ( 'NONE', #770, .T. ) ;
#2304 = ORIENTED_EDGE ( 'NONE', *, *, #2710, .T. ) ;
#2305 = VERTEX_POINT ( 'NONE', #48 ) ;
#2306 = ORIENTED_EDGE ( 'NONE', *, *, #2405, .F. ) ;
#2307 = CYLINDRICAL_SURFACE ( 'NONE', #2318, 0.01181102362204725781 ) ;
#2308 = ADVANCED_FACE ( 'NONE', ( #913 ), #1397, .T. ) ;
#2309 = CARTESIAN_POINT ( 'NONE',  ( 0.1653543307086614567, -0.003937007874015747977, 0.1023622047244094613 ) ) ;
#2310 = ORIENTED_EDGE ( 'NONE', *, *, #1660, .F. ) ;
#2311 = CLOSED_SHELL ( 'NONE', ( #639, #2587, #2282, #1864, #1037, #540, #1456, #757, #745, #1162, #9, #2430, #1010, #2331 ) ) ;
#2312 = ORIENTED_EDGE ( 'NONE', *, *, #2951, .F. ) ;
#2313 = VECTOR ( 'NONE', #2991, 39.37007874015748143 ) ;
#2314 = DIRECTION ( 'NONE',  ( 0.000000000000000000, -1.000000000000000000, 0.000000000000000000 ) ) ;
#2315 = PLANE ( 'NONE',  #1068 ) ;
#2316 = DIRECTION ( 'NONE',  ( 0.000000000000000000, 0.000000000000000000, 1.000000000000000000 ) ) ;
#2317 = AXIS2_PLACEMENT_3D ( 'NONE', #3034, #1928, #2226 ) ;
#2318 = AXIS2_PLACEMENT_3D ( 'NONE', #2856, #105, #932 ) ;
#2319 = DIRECTION ( 'NONE',  ( 0.000000000000000000, -1.000000000000000000, 0.000000000000000000 ) ) ;
#2320 = CARTESIAN_POINT ( 'NONE',  ( 0.1653543307086614567, -0.003937007874015747977, 0.07480314960629921850 ) ) ;
#2321 = CARTESIAN_POINT ( 'NONE',  ( 0.08858267716535433989, 0.1377952755905511861, -0.1043307086614173457 ) ) ;
#2322 = VERTEX_POINT ( 'NONE', #1687 ) ;
#2323 = VERTEX_POINT ( 'NONE', #1468 ) ;
#2324 = AXIS2_PLACEMENT_3D ( 'NONE', #2693, #1343, #3239 ) ;
#2325 = EDGE_CURVE ( 'NONE', #574, #2843, #1985, .T. ) ;
#2326 = EDGE_LOOP ( 'NONE', ( #2062, #1746, #2255, #2006 ) ) ;
#2327 = DIRECTION ( 'NONE',  ( 0.000000000000000000, -1.000000000000000000, 0.000000000000000000 ) ) ;
#2328 = FACE_OUTER_BOUND ( 'NONE', #2432, .T. ) ;
#2329 = VECTOR ( 'NONE', #3392, 39.37007874015748143 ) ;
#2330 = ADVANCED_FACE ( 'NONE', ( #2758, #3357, #606, #3092, #2491, #872 ), #2777, .F. ) ;
#2331 = ADVANCED_FACE ( 'NONE', ( #588 ), #2230, .F. ) ;
#2332 = AXIS2_PLACEMENT_3D ( 'NONE', #2792, #3288, #1157 ) ;
#2333 = ORIENTED_EDGE ( 'NONE', *, *, #3272, .T. ) ;
#2334 = ORIENTED_EDGE ( 'NONE', *, *, #3051, .T. ) ;
#2335 = DIRECTION ( 'NONE',  ( 0.000000000000000000, -1.000000000000000000, 0.000000000000000000 ) ) ;
#2336 = CARTESIAN_POINT ( 'NONE',  ( -0.08858267716535433989, 0.1299212598425196763, -0.07283464566929134798 ) ) ;
#2337 = CARTESIAN_POINT ( 'NONE',  ( -0.1181102362204724532, 0.03149606299212598381, -0.1023622047244094613 ) ) ;
#2338 = CARTESIAN_POINT ( 'NONE',  ( 0.1181102362204724532, 0.000000000000000000, 0.1122047244094488277 ) ) ;
#2339 = DIRECTION ( 'NONE',  ( 0.000000000000000000, 0.000000000000000000, 1.000000000000000000 ) ) ;
#2340 = VERTEX_POINT ( 'NONE', #2471 ) ;
#2341 = ORIENTED_EDGE ( 'NONE', *, *, #2095, .T. ) ;
#2342 = ORIENTED_EDGE ( 'NONE', *, *, #3233, .T. ) ;
#2343 = CARTESIAN_POINT ( 'NONE',  ( 0.08858267716535433989, 0.1377952755905511861, 0.08858267716535433989 ) ) ;
#2344 = CARTESIAN_POINT ( 'NONE',  ( -0.1535433070866141780, 0.007874015748031495954, 0.07480314960629921850 ) ) ;
#2345 = VERTEX_POINT ( 'NONE', #3062 ) ;
#2346 = ORIENTED_EDGE ( 'NONE', *, *, #3011, .F. ) ;
#2347 = CARTESIAN_POINT ( 'NONE',  ( -0.08858267716535433989, 0.1299212598425196763, 0.1043307086614173457 ) ) ;
#2348 = CARTESIAN_POINT ( 'NONE',  ( -0.1181102362204724532, 0.1299212598425196763, 0.1122047244094488277 ) ) ;
#2349 = EDGE_CURVE ( 'NONE', #1002, #1811, #341, .T. ) ;
#2350 = DIRECTION ( 'NONE',  ( -1.000000000000000000, 0.000000000000000000, 0.000000000000000000 ) ) ;
#2351 = CARTESIAN_POINT ( 'NONE',  ( -0.1181102362204724532, 0.000000000000000000, 0.1181102362204724532 ) ) ;
#2352 = DIRECTION ( 'NONE',  ( 0.000000000000000000, 1.000000000000000000, 0.000000000000000000 ) ) ;
#2353 = EDGE_LOOP ( 'NONE', ( #2958, #760, #70, #3486, #1646, #685, #2078, #2642, #3217, #238, #1567, #2898 ) ) ;
#2354 = CIRCLE ( 'NONE', #815, 0.005905511811023620231 ) ;
#2355 = ORIENTED_EDGE ( 'NONE', *, *, #2325, .T. ) ;
#2356 = VERTEX_POINT ( 'NONE', #2507 ) ;
#2357 = ADVANCED_FACE ( 'NONE', ( #1122 ), #1723, .T. ) ;
#2358 = DIRECTION ( 'NONE',  ( 1.000000000000000000, 0.000000000000000000, 0.000000000000000000 ) ) ;
#2359 = DIRECTION ( 'NONE',  ( 0.000000000000000000, 1.000000000000000000, 0.000000000000000000 ) ) ;
#2360 = VERTEX_POINT ( 'NONE', #1948 ) ;
#2361 = CYLINDRICAL_SURFACE ( 'NONE', #2828, 0.01574803149606299191 ) ;
#2362 = ORIENTED_EDGE ( 'NONE', *, *, #498, .F. ) ;
#2363 = EDGE_CURVE ( 'NONE', #125, #1672, #332, .T. ) ;
#2364 = AXIS2_PLACEMENT_3D ( 'NONE', #1931, #889, #1983 ) ;
#2365 = CARTESIAN_POINT ( 'NONE',  ( 0.08858267716535433989, 0.1456692913385826960, 0.1122047244094488277 ) ) ;
#2366 = CARTESIAN_POINT ( 'NONE',  ( 0.1653543307086614567, 0.007874015748031495954, 0.1023622047244094613 ) ) ;
#2367 = AXIS2_PLACEMENT_3D ( 'NONE', #1621, #2695, #1041 ) ;
#2368 = EDGE_CURVE ( 'NONE', #2655, #2235, #2524, .T. ) ;
#2369 = COORDINATED_UNIVERSAL_TIME_OFFSET ( 0, 0, .AHEAD. ) ;
#2370 = DIRECTION ( 'NONE',  ( 0.000000000000000000, 1.000000000000000000, 0.000000000000000000 ) ) ;
#2371 = DIRECTION ( 'NONE',  ( 1.016439536705159791E-16, -1.000000000000000000, 0.000000000000000000 ) ) ;
#2372 = VERTEX_POINT ( 'NONE', #2267 ) ;
#2373 = EDGE_LOOP ( 'NONE', ( #167, #1029 ) ) ;
#2374 = VECTOR ( 'NONE', #1258, 39.37007874015748143 ) ;
#2375 = CARTESIAN_POINT ( 'NONE',  ( -0.08858267716535433989, 0.1377952755905511861, -0.08858267716535433989 ) ) ;
#2376 = CARTESIAN_POINT ( 'NONE',  ( -0.1653543307086614567, 0.007874015748031495954, 0.1023622047244094613 ) ) ;
#2377 = CARTESIAN_POINT ( 'NONE',  ( -0.1181102362204724532, 0.1299212598425196763, 0.1122047244094488277 ) ) ;
#2378 = AXIS2_PLACEMENT_3D ( 'NONE', #1015, #2073, #1771 ) ;
#2379 = EDGE_LOOP ( 'NONE', ( #2464, #1773 ) ) ;
#2380 = DIRECTION ( 'NONE',  ( 0.000000000000000000, 0.000000000000000000, 1.000000000000000000 ) ) ;
#2381 = AXIS2_PLACEMENT_3D ( 'NONE', #3468, #1049, #1600 ) ;
#2382 = VERTEX_POINT ( 'NONE', #2001 ) ;
#2383 = DIRECTION ( 'NONE',  ( 0.000000000000000000, 0.000000000000000000, 1.000000000000000000 ) ) ;
#2384 = DIRECTION ( 'NONE',  ( 0.000000000000000000, 0.000000000000000000, 1.000000000000000000 ) ) ;
#2385 = DATE_AND_TIME ( #2671, #2186 ) ;
#2386 = FACE_OUTER_BOUND ( 'NONE', #659, .T. ) ;
#2387 = CARTESIAN_POINT ( 'NONE',  ( -0.08858267716535433989, 0.1299212598425196763, -0.1043307086614173457 ) ) ;
#2388 = ORIENTED_EDGE ( 'NONE', *, *, #2755, .T. ) ;
#2389 = VERTEX_POINT ( 'NONE', #2547 ) ;
#2390 = EDGE_CURVE ( 'NONE', #2720, #683, #119, .T. ) ;
#2391 = EDGE_CURVE ( 'NONE', #1796, #951, #1877, .T. ) ;
#2392 = PLANE ( 'NONE',  #3317 ) ;
#2393 = CARTESIAN_POINT ( 'NONE',  ( 0.1535433070866141780, 0.007874015748031495954, -0.1023622047244094613 ) ) ;
#2394 = CARTESIAN_POINT ( 'NONE',  ( -0.08858267716535433989, 0.1299212598425196763, 0.08858267716535433989 ) ) ;
#2395 = CARTESIAN_POINT ( 'NONE',  ( 0.08858267716535433989, 0.1456692913385826960, -0.08858267716535433989 ) ) ;
#2396 = EDGE_CURVE ( 'NONE', #364, #1126, #2999, .T. ) ;
#2397 = DIRECTION ( 'NONE',  ( -1.000000000000000000, 0.000000000000000000, 0.000000000000000000 ) ) ;
#2398 = ORIENTED_EDGE ( 'NONE', *, *, #3404, .T. ) ;
#2399 = DIRECTION ( 'NONE',  ( 0.000000000000000000, 0.000000000000000000, -1.000000000000000000 ) ) ;
#2400 = PLANE ( 'NONE',  #790 ) ;
#2401 = LINE ( 'NONE', #1613, #390 ) ;
#2402 = CARTESIAN_POINT ( 'NONE',  ( -0.1968503937007874127, -0.003937007874015747977, -0.07480314960629921850 ) ) ;
#2403 = VERTEX_POINT ( 'NONE', #2338 ) ;
#2404 = ORIENTED_EDGE ( 'NONE', *, *, #1124, .T. ) ;
#2405 = EDGE_CURVE ( 'NONE', #2914, #1027, #2060, .T. ) ;
#2406 = LINE ( 'NONE', #14, #2198 ) ;
#2407 = CIRCLE ( 'NONE', #869, 0.003937007874015741038 ) ;
#2408 = CARTESIAN_POINT ( 'NONE',  ( -0.1496062992125984370, 0.02755905511811023584, 0.07480314960629921850 ) ) ;
#2409 = FACE_OUTER_BOUND ( 'NONE', #1714, .T. ) ;
#2410 = DIRECTION ( 'NONE',  ( 1.000000000000000000, 0.000000000000000000, 0.000000000000000000 ) ) ;
#2411 = DIRECTION ( 'NONE',  ( 0.000000000000000000, 0.000000000000000000, -1.000000000000000000 ) ) ;
#2412 = ORIENTED_EDGE ( 'NONE', *, *, #2730, .T. ) ;
#2413 = CARTESIAN_POINT ( 'NONE',  ( 8.919671568592926781E-18, 0.1377952755905511861, -0.07283464566929134798 ) ) ;
#2414 = LINE ( 'NONE', #3480, #2270 ) ;
#2415 = EDGE_CURVE ( 'NONE', #389, #1616, #1248, .T. ) ;
#2416 = LINE ( 'NONE', #1907, #795 ) ;
#2417 = DIRECTION ( 'NONE',  ( 0.000000000000000000, -1.000000000000000000, 0.000000000000000000 ) ) ;
#2418 = EDGE_LOOP ( 'NONE', ( #1798, #311, #599, #1079 ) ) ;
#2419 = AXIS2_PLACEMENT_3D ( 'NONE', #2180, #232, #2941 ) ;
#2420 = EDGE_CURVE ( 'NONE', #2604, #2323, #3412, .T. ) ;
#2421 = FACE_OUTER_BOUND ( 'NONE', #2781, .T. ) ;
#2422 = AXIS2_PLACEMENT_3D ( 'NONE', #3322, #893, #33 ) ;
#2423 = DIRECTION ( 'NONE',  ( 0.000000000000000000, 1.000000000000000000, 0.000000000000000000 ) ) ;
#2424 = CARTESIAN_POINT ( 'NONE',  ( -0.1181102362204724532, 0.000000000000000000, -0.1181102362204724532 ) ) ;
#2425 = DIRECTION ( 'NONE',  ( 0.000000000000000000, 0.000000000000000000, 1.000000000000000000 ) ) ;
#2426 = EDGE_CURVE ( 'NONE', #1470, #1205, #3228, .T. ) ;
#2427 = AXIS2_PLACEMENT_3D ( 'NONE', #3108, #2262, #173 ) ;
#2428 = CARTESIAN_POINT ( 'NONE',  ( 0.08858267716535433989, 0.1377952755905511861, 0.08858267716535433989 ) ) ;
#2429 = VECTOR ( 'NONE', #824, 39.37007874015748143 ) ;
#2430 = ADVANCED_FACE ( 'NONE', ( #428 ), #3452, .F. ) ;
#2431 = EDGE_CURVE ( 'NONE', #146, #2482, #1563, .T. ) ;
#2432 = EDGE_LOOP ( 'NONE', ( #3367, #705, #3116, #919 ) ) ;
#2433 = AXIS2_PLACEMENT_3D ( 'NONE', #445, #2107, #1250 ) ;
#2434 = DIRECTION ( 'NONE',  ( 1.000000000000000000, -1.734723475976804925E-15, 0.000000000000000000 ) ) ;
#2435 = CARTESIAN_POINT ( 'NONE',  ( -0.1122047244094488277, 0.1377952755905511861, -0.1122047244094488277 ) ) ;
#2436 = CIRCLE ( 'NONE', #57, 0.01181102362204724046 ) ;
#2437 = EDGE_LOOP ( 'NONE', ( #1051, #416, #3236, #2223, #1471, #1255, #423, #3082 ) ) ;
#2438 = VECTOR ( 'NONE', #892, 39.37007874015748143 ) ;
#2439 = CARTESIAN_POINT ( 'NONE',  ( -0.1181102362204724532, 0.1377952755905511861, -0.1181102362204724532 ) ) ;
#2440 = DIRECTION ( 'NONE',  ( 0.000000000000000000, 1.000000000000000000, 0.000000000000000000 ) ) ;
#2441 = EDGE_LOOP ( 'NONE', ( #2826, #660 ) ) ;
#2442 = EDGE_CURVE ( 'NONE', #1538, #2222, #609, .T. ) ;
#2443 = DIRECTION ( 'NONE',  ( 1.000000000000000000, 0.000000000000000000, 0.000000000000000000 ) ) ;
#2444 = DIRECTION ( 'NONE',  ( 0.000000000000000000, 0.000000000000000000, -1.000000000000000000 ) ) ;
#2445 = DIRECTION ( 'NONE',  ( 0.000000000000000000, 0.000000000000000000, -1.000000000000000000 ) ) ;
#2446 = CARTESIAN_POINT ( 'NONE',  ( -0.1496062992125984370, 0.03149606299212598381, -0.1023622047244094613 ) ) ;
#2447 = ORIENTED_EDGE ( 'NONE', *, *, #1541, .F. ) ;
#2448 = EDGE_CURVE ( 'NONE', #2356, #74, #2837, .T. ) ;
#2449 = LINE ( 'NONE', #21, #2745 ) ;
#2450 = CARTESIAN_POINT ( 'NONE',  ( 0.08858267716535433989, 0.1823374350353732243, 0.08858267716535433989 ) ) ;
#2451 = VERTEX_POINT ( 'NONE', #2565 ) ;
#2452 = ADVANCED_FACE ( 'NONE', ( #713 ), #143, .T. ) ;
#2453 = DIRECTION ( 'NONE',  ( -0.000000000000000000, 1.000000000000000000, 0.000000000000000000 ) ) ;
#2454 = CARTESIAN_POINT ( 'NONE',  ( 0.1122047244094488277, 0.1299212598425196763, -0.1181102362204724532 ) ) ;
#2455 = ORIENTED_EDGE ( 'NONE', *, *, #1837, .F. ) ;
#2456 = LINE ( 'NONE', #1175, #775 ) ;
#2457 = CARTESIAN_POINT ( 'NONE',  ( -0.1535433070866141780, 0.02755905511811023584, -0.1023622047244094613 ) ) ;
#2458 = DIRECTION ( 'NONE',  ( 0.000000000000000000, 0.000000000000000000, -1.000000000000000000 ) ) ;
#2459 = CARTESIAN_POINT ( 'NONE',  ( 0.08858267716535433989, 0.1377952755905511861, 0.07283464566929134798 ) ) ;
#2460 = DIRECTION ( 'NONE',  ( 0.000000000000000000, 0.000000000000000000, 1.000000000000000000 ) ) ;
#2461 = APPROVAL_PERSON_ORGANIZATION ( #1939, #76, #1828 ) ;
#2462 = DIRECTION ( 'NONE',  ( 0.000000000000000000, 0.000000000000000000, 1.000000000000000000 ) ) ;
#2463 = ORIENTED_EDGE ( 'NONE', *, *, #260, .T. ) ;
#2464 = ORIENTED_EDGE ( 'NONE', *, *, #1389, .F. ) ;
#2465 = EDGE_CURVE ( 'NONE', #178, #3067, #732, .T. ) ;
#2466 = CARTESIAN_POINT ( 'NONE',  ( 0.08858267716535433989, 0.1377952755905511861, 0.08858267716535433989 ) ) ;
#2467 = DIRECTION ( 'NONE',  ( 0.000000000000000000, -1.000000000000000000, 0.000000000000000000 ) ) ;
#2468 = VERTEX_POINT ( 'NONE', #2850 ) ;
#2469 = LINE ( 'NONE', #585, #1167 ) ;
#2470 = DIRECTION ( 'NONE',  ( 0.000000000000000000, 1.000000000000000000, 0.000000000000000000 ) ) ;
#2471 = CARTESIAN_POINT ( 'NONE',  ( -0.1496062992125984370, 0.03937007874015747977, -0.07480314960629921850 ) ) ;
#2472 = LINE ( 'NONE', #1125, #3042 ) ;
#2473 = VECTOR ( 'NONE', #2546, 39.37007874015748143 ) ;
#2474 = ORIENTED_EDGE ( 'NONE', *, *, #2911, .F. ) ;
#2475 = AXIS2_PLACEMENT_3D ( 'NONE', #1090, #808, #2661 ) ;
#2476 = DIRECTION ( 'NONE',  ( 0.000000000000000000, 0.000000000000000000, -1.000000000000000000 ) ) ;
#2477 = AXIS2_PLACEMENT_3D ( 'NONE', #451, #3397, #1508 ) ;
#2478 = AXIS2_PLACEMENT_3D ( 'NONE', #1515, #3418, #1240 ) ;
#2479 = PERSON_AND_ORGANIZATION_ROLE ( 'creator' ) ;
#2480 = VERTEX_POINT ( 'NONE', #2632 ) ;
#2481 = AXIS2_PLACEMENT_3D ( 'NONE', #3069, #618, #1391 ) ;
#2482 = VERTEX_POINT ( 'NONE', #414 ) ;
#2483 = CIRCLE ( 'NONE', #448, 0.003937007874015758385 ) ;
#2484 = DIRECTION ( 'NONE',  ( -7.228014483236699514E-17, 0.000000000000000000, -1.000000000000000000 ) ) ;
#2485 = LINE ( 'NONE', #921, #3451 ) ;
#2486 = PLANE ( 'NONE',  #1063 ) ;
#2487 = ORIENTED_EDGE ( 'NONE', *, *, #532, .F. ) ;
#2488 = AXIS2_PLACEMENT_3D ( 'NONE', #2041, #3114, #2887 ) ;
#2489 = CARTESIAN_POINT ( 'NONE',  ( -0.1968503937007874127, 0.003937007874015747977, 0.07480314960629921850 ) ) ;
#2490 = DIRECTION ( 'NONE',  ( 1.000000000000000000, 0.000000000000000000, 0.000000000000000000 ) ) ;
#2491 = FACE_BOUND ( 'NONE', #2146, .T. ) ;
#2492 = EDGE_CURVE ( 'NONE', #3077, #2985, #180, .T. ) ;
#2493 = DIRECTION ( 'NONE',  ( 0.000000000000000000, 0.000000000000000000, -1.000000000000000000 ) ) ;
#2494 = VERTEX_POINT ( 'NONE', #159 ) ;
#2495 = CARTESIAN_POINT ( 'NONE',  ( -0.1181102362204724532, 0.03937007874015747977, -0.1023622047244094613 ) ) ;
#2496 = EDGE_CURVE ( 'NONE', #74, #2305, #1232, .T. ) ;
#2497 = APPLICATION_CONTEXT ( 'configuration controlled 3d designs of mechanical parts and assemblies' ) ;
#2498 = ORIENTED_EDGE ( 'NONE', *, *, #1436, .T. ) ;
#2499 = ORIENTED_EDGE ( 'NONE', *, *, #2637, .F. ) ;
#2500 = CARTESIAN_POINT ( 'NONE',  ( 0.1614173228346456879, 0.02755905511811023584, -0.07480314960629921850 ) ) ;
#2501 = DIRECTION ( 'NONE',  ( 1.000000000000000000, 0.000000000000000000, 0.000000000000000000 ) ) ;
#2502 = CARTESIAN_POINT ( 'NONE',  ( -0.1653543307086614567, 0.003937007874015747977, -0.07480314960629921850 ) ) ;
#2503 = ORIENTED_EDGE ( 'NONE', *, *, #1143, .F. ) ;
#2504 = ORIENTED_EDGE ( 'NONE', *, *, #2349, .F. ) ;
#2505 = LINE ( 'NONE', #81, #2813 ) ;
#2506 = CYLINDRICAL_SURFACE ( 'NONE', #2802, 0.003937007874015741038 ) ;
#2507 = CARTESIAN_POINT ( 'NONE',  ( 0.1535433070866141780, 0.007874015748031495954, 0.07480314960629921850 ) ) ;
#2508 = DIRECTION ( 'NONE',  ( 0.000000000000000000, 0.000000000000000000, 1.000000000000000000 ) ) ;
#2509 = ORIENTED_EDGE ( 'NONE', *, *, #20, .F. ) ;
#2510 = EDGE_CURVE ( 'NONE', #1848, #3035, #58, .T. ) ;
#2511 = CARTESIAN_POINT ( 'NONE',  ( 0.1496062992125984370, 0.02755905511811023584, -0.1023622047244094613 ) ) ;
#2512 = EDGE_CURVE ( 'NONE', #2174, #1408, #2949, .T. ) ;
#2513 = EDGE_LOOP ( 'NONE', ( #1960, #2585, #1591, #1729 ) ) ;
#2514 = AXIS2_PLACEMENT_3D ( 'NONE', #2408, #2150, #1342 ) ;
#2515 = ORIENTED_EDGE ( 'NONE', *, *, #844, .T. ) ;
#2516 = ORIENTED_EDGE ( 'NONE', *, *, #3171, .T. ) ;
#2517 = AXIS2_PLACEMENT_3D ( 'NONE', #2059, #2319, #1739 ) ;
#2518 = DIRECTION ( 'NONE',  ( 1.000000000000000000, -1.016439536705159791E-16, 0.000000000000000000 ) ) ;
#2519 = CYLINDRICAL_SURFACE ( 'NONE', #2765, 0.02362204724409448092 ) ;
#2520 = DIRECTION ( 'NONE',  ( 1.016439536705159791E-16, -1.000000000000000000, 0.000000000000000000 ) ) ;
#2521 = ORIENTED_EDGE ( 'NONE', *, *, #2750, .T. ) ;
#2522 = CARTESIAN_POINT ( 'NONE',  ( 0.08858267716535433989, 0.1377952755905511861, 0.06496062992125986590 ) ) ;
#2523 = DIRECTION ( 'NONE',  ( 0.000000000000000000, 1.000000000000000000, 0.000000000000000000 ) ) ;
#2524 = LINE ( 'NONE', #100, #3280 ) ;
#2525 = DIRECTION ( 'NONE',  ( 1.734723475976804925E-15, -1.000000000000000000, 0.000000000000000000 ) ) ;
#2526 = ORIENTED_EDGE ( 'NONE', *, *, #2750, .F. ) ;
#2527 = VECTOR ( 'NONE', #1120, 39.37007874015748143 ) ;
#2528 = CARTESIAN_POINT ( 'NONE',  ( 0.1614173228346456879, 0.007874015748031495954, 0.1023622047244094613 ) ) ;
#2529 = EDGE_CURVE ( 'NONE', #96, #2372, #450, .T. ) ;
#2530 = VECTOR ( 'NONE', #3460, 39.37007874015748143 ) ;
#2531 = ORIENTED_EDGE ( 'NONE', *, *, #1891, .F. ) ;
#2532 = VECTOR ( 'NONE', #1601, 39.37007874015748143 ) ;
#2533 = EDGE_CURVE ( 'NONE', #3067, #2451, #1419, .T. ) ;
#2534 = EDGE_CURVE ( 'NONE', #1780, #2841, #2416, .T. ) ;
#2535 = EDGE_LOOP ( 'NONE', ( #3421, #431 ) ) ;
#2536 = ORIENTED_EDGE ( 'NONE', *, *, #3422, .T. ) ;
#2537 = AXIS2_PLACEMENT_3D ( 'NONE', #1420, #561, #2183 ) ;
#2538 = LINE ( 'NONE', #1732, #2261 ) ;
#2539 = CARTESIAN_POINT ( 'NONE',  ( -0.08858267716535433989, 0.1456692913385826960, 0.06496062992125986590 ) ) ;
#2540 = VECTOR ( 'NONE', #2335, 39.37007874015748143 ) ;
#2541 = DIRECTION ( 'NONE',  ( 0.000000000000000000, 0.000000000000000000, -1.000000000000000000 ) ) ;
#2542 = ORIENTED_EDGE ( 'NONE', *, *, #3276, .T. ) ;
#2543 = VECTOR ( 'NONE', #250, 39.37007874015748143 ) ;
#2544 = CIRCLE ( 'NONE', #899, 0.005905511811023620231 ) ;
#2545 = ORIENTED_EDGE ( 'NONE', *, *, #2116, .T. ) ;
#2546 = DIRECTION ( 'NONE',  ( 0.000000000000000000, 0.000000000000000000, 1.000000000000000000 ) ) ;
#2547 = CARTESIAN_POINT ( 'NONE',  ( -0.1122047244094488277, 0.1377952755905511861, -0.1181102362204724532 ) ) ;
#2548 = CARTESIAN_POINT ( 'NONE',  ( 0.1181102362204724532, 0.1299212598425196763, 0.1122047244094488277 ) ) ;
#2549 = ORIENTED_EDGE ( 'NONE', *, *, #809, .T. ) ;
#2550 = ORIENTED_EDGE ( 'NONE', *, *, #3276, .F. ) ;
#2551 = VECTOR ( 'NONE', #2983, 39.37007874015748143 ) ;
#2552 = PLANE ( 'NONE',  #1466 ) ;
#2553 = DIRECTION ( 'NONE',  ( -1.000000000000000000, 0.000000000000000000, 0.000000000000000000 ) ) ;
#2554 = EDGE_LOOP ( 'NONE', ( #2788, #1863, #2094, #1100 ) ) ;
#2555 = EDGE_LOOP ( 'NONE', ( #485, #2128 ) ) ;
#2556 = EDGE_CURVE ( 'NONE', #2569, #2754, #3198, .T. ) ;
#2557 = DIRECTION ( 'NONE',  ( 0.000000000000000000, 0.000000000000000000, -1.000000000000000000 ) ) ;
#2558 = DIRECTION ( 'NONE',  ( 0.000000000000000000, 0.000000000000000000, -1.000000000000000000 ) ) ;
#2559 = CARTESIAN_POINT ( 'NONE',  ( 0.1614173228346456879, 0.007874015748031495954, 0.07480314960629921850 ) ) ;
#2560 = VERTEX_POINT ( 'NONE', #1308 ) ;
#2561 = ADVANCED_FACE ( 'NONE', ( #2125 ), #227, .F. ) ;
#2562 = ORIENTED_EDGE ( 'NONE', *, *, #2888, .F. ) ;
#2563 = CARTESIAN_POINT ( 'NONE',  ( 0.1535433070866141780, 0.02755905511811023584, -0.1023622047244094613 ) ) ;
#2564 = CARTESIAN_POINT ( 'NONE',  ( 0.1968503937007874127, -0.003937007874015747977, -0.1023622047244094613 ) ) ;
#2565 = CARTESIAN_POINT ( 'NONE',  ( 0.1122047244094488277, 0.1377952755905511861, -0.1181102362204724532 ) ) ;
#2566 = FACE_OUTER_BOUND ( 'NONE', #1565, .T. ) ;
#2567 = ORIENTED_EDGE ( 'NONE', *, *, #1480, .F. ) ;
#2568 = ORIENTED_EDGE ( 'NONE', *, *, #271, .F. ) ;
#2569 = VERTEX_POINT ( 'NONE', #2161 ) ;
#2570 = CARTESIAN_POINT ( 'NONE',  ( 0.08858267716535433989, 0.1456692913385826960, 0.08858267716535433989 ) ) ;
#2571 = CARTESIAN_POINT ( 'NONE',  ( -0.08858267716535433989, 0.1299212598425196763, -0.08858267716535433989 ) ) ;
#2572 = ORIENTED_EDGE ( 'NONE', *, *, #1145, .T. ) ;
#2573 = ORIENTED_EDGE ( 'NONE', *, *, #3153, .T. ) ;
#2574 = VECTOR ( 'NONE', #3006, 39.37007874015748143 ) ;
#2575 = DIRECTION ( 'NONE',  ( 0.000000000000000000, -1.000000000000000000, 0.000000000000000000 ) ) ;
#2576 = DIRECTION ( 'NONE',  ( 0.000000000000000000, 1.000000000000000000, 0.000000000000000000 ) ) ;
#2577 = PLANE ( 'NONE',  #2762 ) ;
#2578 = EDGE_CURVE ( 'NONE', #3048, #2494, #1892, .T. ) ;
#2579 = AXIS2_PLACEMENT_3D ( 'NONE', #2668, #2140, #3212 ) ;
#2580 = CARTESIAN_POINT ( 'NONE',  ( 0.08858267716535433989, 0.1299212598425196763, -0.07283464566929134798 ) ) ;
#2581 = AXIS2_PLACEMENT_3D ( 'NONE', #2617, #1755, #943 ) ;
#2582 = CARTESIAN_POINT ( 'NONE',  ( -0.1653543307086614567, -0.003937007874015747977, 0.07480314960629921850 ) ) ;
#2583 = DIRECTION ( 'NONE',  ( 0.000000000000000000, 0.000000000000000000, 1.000000000000000000 ) ) ;
#2584 = CARTESIAN_POINT ( 'NONE',  ( -0.08858267716535433989, 0.1456692913385826960, -0.06496062992125986590 ) ) ;
#2585 = ORIENTED_EDGE ( 'NONE', *, *, #798, .F. ) ;
#2586 = ORIENTED_EDGE ( 'NONE', *, *, #2784, .F. ) ;
#2587 = ADVANCED_FACE ( 'NONE', ( #1338 ), #2722, .T. ) ;
#2588 = ORIENTED_EDGE ( 'NONE', *, *, #1913, .F. ) ;
#2589 = LINE ( 'NONE', #3099, #2374 ) ;
#2590 = CARTESIAN_POINT ( 'NONE',  ( 0.08858267716535433989, 0.1377952755905511861, -0.08858267716535433989 ) ) ;
#2591 = ORIENTED_EDGE ( 'NONE', *, *, #1936, .F. ) ;
#2592 = ORIENTED_EDGE ( 'NONE', *, *, #1815, .F. ) ;
#2593 = AXIS2_PLACEMENT_3D ( 'NONE', #514, #3240, #527 ) ;
#2594 = CARTESIAN_POINT ( 'NONE',  ( -0.08858267716535433989, 0.1823374350353732243, -0.07283464566929134798 ) ) ;
#2595 = DIRECTION ( 'NONE',  ( 0.000000000000000000, 0.000000000000000000, -1.000000000000000000 ) ) ;
#2596 = CARTESIAN_POINT ( 'NONE',  ( 0.1535433070866141780, 0.02755905511811023584, 0.07480314960629921850 ) ) ;
#2597 = AXIS2_PLACEMENT_3D ( 'NONE', #1209, #2296, #939 ) ;
#2598 = AXIS2_PLACEMENT_3D ( 'NONE', #3053, #3002, #1134 ) ;
#2599 = AXIS2_PLACEMENT_3D ( 'NONE', #199, #687, #1534 ) ;
#2600 =( NAMED_UNIT ( * ) PLANE_ANGLE_UNIT ( ) SI_UNIT ( $, .RADIAN. ) );
#2601 = DIRECTION ( 'NONE',  ( 0.000000000000000000, -1.000000000000000000, 0.000000000000000000 ) ) ;
#2602 = DIRECTION ( 'NONE',  ( 0.000000000000000000, 0.000000000000000000, -1.000000000000000000 ) ) ;
#2603 = ORIENTED_EDGE ( 'NONE', *, *, #3353, .F. ) ;
#2604 = VERTEX_POINT ( 'NONE', #3498 ) ;
#2605 = VECTOR ( 'NONE', #2034, 39.37007874015748143 ) ;
#2606 = ADVANCED_FACE ( 'NONE', ( #289 ), #482, .F. ) ;
#2607 = VERTEX_POINT ( 'NONE', #785 ) ;
#2608 = LINE ( 'NONE', #513, #280 ) ;
#2609 = CARTESIAN_POINT ( 'NONE',  ( -0.08858267716535433989, 0.1377952755905511861, -0.07283464566929134798 ) ) ;
#2610 = CIRCLE ( 'NONE', #114, 0.01574803149606299191 ) ;
#2611 = EDGE_CURVE ( 'NONE', #1972, #1071, #1845, .T. ) ;
#2612 = ORIENTED_EDGE ( 'NONE', *, *, #2510, .T. ) ;
#2613 = VERTEX_POINT ( 'NONE', #816 ) ;
#2614 = DIRECTION ( 'NONE',  ( -1.000000000000000000, 0.000000000000000000, 0.000000000000000000 ) ) ;
#2615 = CYLINDRICAL_SURFACE ( 'NONE', #1357, 0.01181102362204724046 ) ;
#2616 = CARTESIAN_POINT ( 'NONE',  ( -0.1181102362204724532, 0.03937007874015747977, -0.07480314960629921850 ) ) ;
#2617 = CARTESIAN_POINT ( 'NONE',  ( 0.000000000000000000, 0.2755905511811023723, 0.000000000000000000 ) ) ;
#2618 = DIRECTION ( 'NONE',  ( 0.000000000000000000, 1.000000000000000000, 0.000000000000000000 ) ) ;
#2619 = FACE_OUTER_BOUND ( 'NONE', #434, .T. ) ;
#2620 = ORIENTED_EDGE ( 'NONE', *, *, #1160, .F. ) ;
#2621 = EDGE_LOOP ( 'NONE', ( #2029, #1457 ) ) ;
#2622 = ORIENTED_EDGE ( 'NONE', *, *, #3246, .T. ) ;
#2623 = CYLINDRICAL_SURFACE ( 'NONE', #1013, 0.01574803149606299191 ) ;
#2624 = DIRECTION ( 'NONE',  ( -1.734723475976804925E-15, -1.000000000000000000, 0.000000000000000000 ) ) ;
#2625 = EDGE_CURVE ( 'NONE', #333, #2322, #2401, .T. ) ;
#2626 = ORIENTED_EDGE ( 'NONE', *, *, #1998, .F. ) ;
#2627 = ADVANCED_FACE ( 'NONE', ( #2386 ), #1033, .T. ) ;
#2628 = ORIENTED_EDGE ( 'NONE', *, *, #1631, .T. ) ;
#2629 = CARTESIAN_POINT ( 'NONE',  ( -0.1181102362204724532, 0.03937007874015747977, 0.1023622047244094613 ) ) ;
#2630 = FACE_OUTER_BOUND ( 'NONE', #735, .T. ) ;
#2631 = APPLICATION_PROTOCOL_DEFINITION ( 'international standard', 'config_control_design', 1994, #1786 ) ;
#2632 = CARTESIAN_POINT ( 'NONE',  ( -0.1496062992125984370, 0.03937007874015747977, -0.1023622047244094613 ) ) ;
#2633 = CARTESIAN_POINT ( 'NONE',  ( 0.08858267716535433989, 0.1377952755905511861, 0.07283464566929134798 ) ) ;
#2634 = ORIENTED_EDGE ( 'NONE', *, *, #3291, .T. ) ;
#2635 = CIRCLE ( 'NONE', #3366, 0.003937007874015758385 ) ;
#2636 = ORIENTED_EDGE ( 'NONE', *, *, #2133, .T. ) ;
#2637 = EDGE_CURVE ( 'NONE', #2926, #2156, #767, .T. ) ;
#2638 = DIRECTION ( 'NONE',  ( 0.000000000000000000, 0.000000000000000000, -1.000000000000000000 ) ) ;
#2639 = LINE ( 'NONE', #2424, #1982 ) ;
#2640 = CARTESIAN_POINT ( 'NONE',  ( -0.1653543307086614567, 0.007874015748031495954, -0.1023622047244094613 ) ) ;
#2641 = ADVANCED_FACE ( 'NONE', ( #1322, #1373 ), #1580, .F. ) ;
#2642 = ORIENTED_EDGE ( 'NONE', *, *, #165, .T. ) ;
#2643 = CARTESIAN_POINT ( 'NONE',  ( 0.08858267716535433989, 0.1456692913385826960, 0.06496062992125986590 ) ) ;
#2644 = ORIENTED_EDGE ( 'NONE', *, *, #3140, .T. ) ;
#2645 = EDGE_CURVE ( 'NONE', #3346, #1166, #2968, .T. ) ;
#2646 = EDGE_CURVE ( 'NONE', #1011, #2820, #1765, .T. ) ;
#2647 = AXIS2_PLACEMENT_3D ( 'NONE', #2375, #511, #2638 ) ;
#2648 = FACE_OUTER_BOUND ( 'NONE', #349, .T. ) ;
#2649 = DIRECTION ( 'NONE',  ( 0.000000000000000000, 0.000000000000000000, -1.000000000000000000 ) ) ;
#2650 = AXIS2_PLACEMENT_3D ( 'NONE', #679, #412, #942 ) ;
#2651 = ADVANCED_FACE ( 'NONE', ( #272 ), #1358, .F. ) ;
#2652 = DATE_AND_TIME ( #1579, #206 ) ;
#2653 = CARTESIAN_POINT ( 'NONE',  ( -0.1535433070866141780, 0.02755905511811023584, 0.07480314960629921850 ) ) ;
#2654 = CARTESIAN_POINT ( 'NONE',  ( 0.1653543307086614567, -0.003937007874015747977, -0.07480314960629921850 ) ) ;
#2655 = VERTEX_POINT ( 'NONE', #749 ) ;
#2656 = VECTOR ( 'NONE', #1846, 39.37007874015748143 ) ;
#2657 = VERTEX_POINT ( 'NONE', #2918 ) ;
#2658 = AXIS2_PLACEMENT_3D ( 'NONE', #3027, #1383, #3305 ) ;
#2659 = DIRECTION ( 'NONE',  ( -1.734723475976804925E-15, 1.000000000000000000, 0.000000000000000000 ) ) ;
#2660 = CYLINDRICAL_SURFACE ( 'NONE', #1244, 0.01181102362204724046 ) ;
#2661 = DIRECTION ( 'NONE',  ( -8.673617379884038628E-15, 0.000000000000000000, 1.000000000000000000 ) ) ;
#2662 = VECTOR ( 'NONE', #1595, 39.37007874015748143 ) ;
#2663 = AXIS2_PLACEMENT_3D ( 'NONE', #1150, #2786, #1681 ) ;
#2664 = AXIS2_PLACEMENT_3D ( 'NONE', #1789, #463, #938 ) ;
#2665 = CARTESIAN_POINT ( 'NONE',  ( -0.08858267716535433989, 0.1377952755905511861, 0.08858267716535433989 ) ) ;
#2666 = VECTOR ( 'NONE', #83, 39.37007874015748143 ) ;
#2667 = ORIENTED_EDGE ( 'NONE', *, *, #2710, .F. ) ;
#2668 = CARTESIAN_POINT ( 'NONE',  ( -0.08858267716535433989, 0.1456692913385826960, 0.08858267716535433989 ) ) ;
#2669 = CARTESIAN_POINT ( 'NONE',  ( -0.08858267716535433989, 0.1377952755905511861, 0.07283464566929134798 ) ) ;
#2670 = EDGE_CURVE ( 'NONE', #1052, #2853, #1542, .T. ) ;
#2671 = CALENDAR_DATE ( 2024, 13, 5 ) ;
#2672 = DIRECTION ( 'NONE',  ( 1.000000000000000000, 0.000000000000000000, 0.000000000000000000 ) ) ;
#2673 = CARTESIAN_POINT ( 'NONE',  ( -0.1614173228346456879, 0.02755905511811023584, 0.07480314960629921850 ) ) ;
#2674 = ORIENTED_EDGE ( 'NONE', *, *, #1901, .T. ) ;
#2675 = ORIENTED_EDGE ( 'NONE', *, *, #1952, .F. ) ;
#2676 = CARTESIAN_POINT ( 'NONE',  ( 0.1614173228346456879, 0.02755905511811023584, 0.1023622047244094613 ) ) ;
#2677 = DIRECTION ( 'NONE',  ( 1.000000000000000000, 0.000000000000000000, 0.000000000000000000 ) ) ;
#2678 = CARTESIAN_POINT ( 'NONE',  ( -0.1181102362204724532, 0.03149606299212598381, 0.07480314960629921850 ) ) ;
#2679 = CYLINDRICAL_SURFACE ( 'NONE', #1586, 0.02362204724409448092 ) ;
#2680 = CARTESIAN_POINT ( 'NONE',  ( 0.1181102362204724532, 0.03937007874015747977, 0.07480314960629921850 ) ) ;
#2681 = ORIENTED_EDGE ( 'NONE', *, *, #1361, .F. ) ;
#2682 = CARTESIAN_POINT ( 'NONE',  ( 0.1181102362204724532, 0.1377952755905511861, -0.1122047244094488277 ) ) ;
#2683 = DIRECTION ( 'NONE',  ( -1.000000000000000000, -1.734723475976804925E-15, 0.000000000000000000 ) ) ;
#2684 = DIRECTION ( 'NONE',  ( 0.000000000000000000, 0.000000000000000000, 1.000000000000000000 ) ) ;
#2685 = EDGE_CURVE ( 'NONE', #2754, #2613, #901, .T. ) ;
#2686 = CARTESIAN_POINT ( 'NONE',  ( 0.08858267716535433989, 0.1377952755905511861, -0.07283464566929134798 ) ) ;
#2687 = ORIENTED_EDGE ( 'NONE', *, *, #276, .F. ) ;
#2688 = ORIENTED_EDGE ( 'NONE', *, *, #718, .T. ) ;
#2689 = DIRECTION ( 'NONE',  ( -1.000000000000000000, 0.000000000000000000, 0.000000000000000000 ) ) ;
#2690 = AXIS2_PLACEMENT_3D ( 'NONE', #2966, #3465, #530 ) ;
#2691 = LINE ( 'NONE', #262, #3081 ) ;
#2692 = EDGE_CURVE ( 'NONE', #1168, #2482, #2538, .T. ) ;
#2693 = CARTESIAN_POINT ( 'NONE',  ( -0.1122047244094488277, 0.1377952755905511861, 0.1122047244094488277 ) ) ;
#2694 = ADVANCED_FACE ( 'NONE', ( #316 ), #40, .T. ) ;
#2695 = DIRECTION ( 'NONE',  ( 0.000000000000000000, -1.000000000000000000, 0.000000000000000000 ) ) ;
#2696 = FACE_OUTER_BOUND ( 'NONE', #1484, .T. ) ;
#2697 = ORIENTED_EDGE ( 'NONE', *, *, #802, .F. ) ;
#2698 = DIRECTION ( 'NONE',  ( 0.000000000000000000, 1.000000000000000000, 0.000000000000000000 ) ) ;
#2699 = DIRECTION ( 'NONE',  ( 0.000000000000000000, -1.000000000000000000, 0.000000000000000000 ) ) ;
#2700 = CIRCLE ( 'NONE', #2876, 0.005905511811023620231 ) ;
#2701 = DIRECTION ( 'NONE',  ( -1.734723475976804925E-15, -1.000000000000000000, 0.000000000000000000 ) ) ;
#2702 = LINE ( 'NONE', #2126, #1752 ) ;
#2703 = ORIENTED_EDGE ( 'NONE', *, *, #427, .T. ) ;
#2704 = AXIS2_PLACEMENT_3D ( 'NONE', #3302, #1965, #326 ) ;
#2705 = CARTESIAN_POINT ( 'NONE',  ( 0.08858267716535433989, 0.1299212598425196763, 0.07283464566929134798 ) ) ;
#2706 = CIRCLE ( 'NONE', #104, 0.02362204724409448092 ) ;
#2707 = CARTESIAN_POINT ( 'NONE',  ( -0.1653543307086614567, -0.003937007874015747977, 0.1023622047244094613 ) ) ;
#2708 = DIRECTION ( 'NONE',  ( 0.000000000000000000, 0.000000000000000000, 1.000000000000000000 ) ) ;
#2709 = VECTOR ( 'NONE', #3009, 39.37007874015748143 ) ;
#2710 = EDGE_CURVE ( 'NONE', #1299, #562, #2824, .T. ) ;
#2711 = CARTESIAN_POINT ( 'NONE',  ( 0.08858267716535433989, 0.1377952755905511861, -0.08858267716535433989 ) ) ;
#2712 = CIRCLE ( 'NONE', #107, 0.003937007874015758385 ) ;
#2713 = AXIS2_PLACEMENT_3D ( 'NONE', #741, #1836, #665 ) ;
#2714 = ORIENTED_EDGE ( 'NONE', *, *, #1165, .T. ) ;
#2715 = ADVANCED_FACE ( 'NONE', ( #3283 ), #1942, .T. ) ;
#2716 = VECTOR ( 'NONE', #392, 39.37007874015748143 ) ;
#2717 = FACE_OUTER_BOUND ( 'NONE', #1558, .T. ) ;
#2718 = LINE ( 'NONE', #2967, #3333 ) ;
#2719 = AXIS2_PLACEMENT_3D ( 'NONE', #2435, #1923, #1094 ) ;
#2720 = VERTEX_POINT ( 'NONE', #366 ) ;
#2721 = AXIS2_PLACEMENT_3D ( 'NONE', #3074, #641, #1740 ) ;
#2722 = PLANE ( 'NONE',  #1712 ) ;
#2723 = LINE ( 'NONE', #2454, #3102 ) ;
#2724 = EDGE_LOOP ( 'NONE', ( #1386, #3405, #699, #3056, #3265, #378, #1971, #468, #2092, #2622, #2636, #365 ) ) ;
#2725 = CARTESIAN_POINT ( 'NONE',  ( 0.1181102362204724532, 0.03149606299212598381, -0.07480314960629921850 ) ) ;
#2726 = DIRECTION ( 'NONE',  ( 0.000000000000000000, 0.000000000000000000, 1.000000000000000000 ) ) ;
#2727 = DIRECTION ( 'NONE',  ( 0.000000000000000000, -1.000000000000000000, 0.000000000000000000 ) ) ;
#2728 = LINE ( 'NONE', #2778, #827 ) ;
#2729 = CARTESIAN_POINT ( 'NONE',  ( 0.08858267716535433989, 0.1377952755905511861, -0.06496062992125986590 ) ) ;
#2730 = EDGE_CURVE ( 'NONE', #353, #358, #2993, .T. ) ;
#2731 = ORIENTED_EDGE ( 'NONE', *, *, #2645, .T. ) ;
#2732 = DIRECTION ( 'NONE',  ( 0.000000000000000000, 0.000000000000000000, 1.000000000000000000 ) ) ;
#2733 = EDGE_CURVE ( 'NONE', #1822, #178, #3328, .T. ) ;
#2734 = EDGE_LOOP ( 'NONE', ( #2113, #195, #2603, #1450 ) ) ;
#2735 = FACE_OUTER_BOUND ( 'NONE', #2859, .T. ) ;
#2736 = CARTESIAN_POINT ( 'NONE',  ( -0.1122047244094488277, 0.000000000000000000, -0.1122047244094488277 ) ) ;
#2737 = EDGE_LOOP ( 'NONE', ( #1566, #3389, #3177, #460, #1399, #1881, #1427, #376, #2731, #3229, #1479, #814 ) ) ;
#2738 = DIRECTION ( 'NONE',  ( 0.000000000000000000, 0.000000000000000000, 1.000000000000000000 ) ) ;
#2739 = CARTESIAN_POINT ( 'NONE',  ( 0.1496062992125984370, 0.03937007874015747977, -0.1023622047244094613 ) ) ;
#2740 = CARTESIAN_POINT ( 'NONE',  ( 0.1653543307086614567, -0.003937007874015747977, 0.1023622047244094613 ) ) ;
#2741 = PLANE ( 'NONE',  #1169 ) ;
#2742 = EDGE_CURVE ( 'NONE', #469, #3294, #2045, .T. ) ;
#2743 = ORIENTED_EDGE ( 'NONE', *, *, #2134, .T. ) ;
#2744 = DIRECTION ( 'NONE',  ( 0.000000000000000000, 1.000000000000000000, 0.000000000000000000 ) ) ;
#2745 = VECTOR ( 'NONE', #1093, 39.37007874015748143 ) ;
#2746 = CC_DESIGN_APPROVAL ( #76, ( #3111 ) ) ;
#2747 = ORIENTED_EDGE ( 'NONE', *, *, #3075, .F. ) ;
#2748 = EDGE_LOOP ( 'NONE', ( #169, #385, #1454, #2620 ) ) ;
#2749 = ADVANCED_FACE ( 'NONE', ( #2735 ), #1170, .F. ) ;
#2750 = EDGE_CURVE ( 'NONE', #593, #1062, #1012, .T. ) ;
#2751 = CARTESIAN_POINT ( 'NONE',  ( 0.1181102362204724532, 0.000000000000000000, -0.1181102362204724532 ) ) ;
#2752 = DIRECTION ( 'NONE',  ( 1.000000000000000000, -1.016439536705159791E-16, 0.000000000000000000 ) ) ;
#2753 = CYLINDRICAL_SURFACE ( 'NONE', #950, 0.01181102362204725781 ) ;
#2754 = VERTEX_POINT ( 'NONE', #1680 ) ;
#2755 = EDGE_CURVE ( 'NONE', #2403, #3347, #1441, .T. ) ;
#2756 = CARTESIAN_POINT ( 'NONE',  ( 0.08858267716535433989, 0.1823374350353732243, -0.1043307086614173457 ) ) ;
#2757 = CARTESIAN_POINT ( 'NONE',  ( -0.1122047244094488277, 0.1299212598425196763, -0.1122047244094488277 ) ) ;
#2758 = FACE_BOUND ( 'NONE', #1540, .T. ) ;
#2759 = LINE ( 'NONE', #857, #219 ) ;
#2760 = ORIENTED_EDGE ( 'NONE', *, *, #2556, .T. ) ;
#2761 = FACE_OUTER_BOUND ( 'NONE', #484, .T. ) ;
#2762 = AXIS2_PLACEMENT_3D ( 'NONE', #2806, #3071, #1806 ) ;
#2763 = VECTOR ( 'NONE', #1673, 39.37007874015748143 ) ;
#2764 = ORIENTED_EDGE ( 'NONE', *, *, #1541, .T. ) ;
#2765 = AXIS2_PLACEMENT_3D ( 'NONE', #1958, #1171, #2823 ) ;
#2766 = ORIENTED_EDGE ( 'NONE', *, *, #1211, .T. ) ;
#2767 = VECTOR ( 'NONE', #519, 39.37007874015748143 ) ;
#2768 = CARTESIAN_POINT ( 'NONE',  ( 0.1181102362204724532, 0.03937007874015747977, 0.1023622047244094613 ) ) ;
#2769 = DIRECTION ( 'NONE',  ( 1.734723475976804925E-15, -1.000000000000000000, 0.000000000000000000 ) ) ;
#2770 = LINE ( 'NONE', #3297, #1295 ) ;
#2771 = ORIENTED_EDGE ( 'NONE', *, *, #2071, .T. ) ;
#2772 = EDGE_CURVE ( 'NONE', #650, #274, #2259, .T. ) ;
#2773 = VECTOR ( 'NONE', #2955, 39.37007874015748143 ) ;
#2774 = EDGE_LOOP ( 'NONE', ( #50, #3398, #3185, #1217 ) ) ;
#2775 = CARTESIAN_POINT ( 'NONE',  ( -0.1653543307086614567, -0.003937007874015747977, -0.07480314960629921850 ) ) ;
#2776 = DIRECTION ( 'NONE',  ( 0.000000000000000000, 0.000000000000000000, -1.000000000000000000 ) ) ;
#2777 = PLANE ( 'NONE',  #2896 ) ;
#2778 = CARTESIAN_POINT ( 'NONE',  ( 0.1181102362204724532, 0.1299212598425196763, -0.1181102362204724532 ) ) ;
#2779 = EDGE_LOOP ( 'NONE', ( #3440, #3401, #936, #552 ) ) ;
#2780 = LINE ( 'NONE', #1091, #2429 ) ;
#2781 = EDGE_LOOP ( 'NONE', ( #1491, #1462, #2771, #2562 ) ) ;
#2782 = ORIENTED_EDGE ( 'NONE', *, *, #2646, .T. ) ;
#2783 = ORIENTED_EDGE ( 'NONE', *, *, #3219, .T. ) ;
#2784 = EDGE_CURVE ( 'NONE', #2235, #188, #596, .T. ) ;
#2785 = DIRECTION ( 'NONE',  ( 0.000000000000000000, 1.000000000000000000, 0.000000000000000000 ) ) ;
#2786 = DIRECTION ( 'NONE',  ( 0.000000000000000000, 0.000000000000000000, -1.000000000000000000 ) ) ;
#2787 = LINE ( 'NONE', #1099, #2203 ) ;
#2788 = ORIENTED_EDGE ( 'NONE', *, *, #1637, .F. ) ;
#2789 = EDGE_CURVE ( 'NONE', #422, #2841, #905, .T. ) ;
#2790 = LINE ( 'NONE', #29, #2982 ) ;
#2791 = CARTESIAN_POINT ( 'NONE',  ( -0.1535433070866141780, 0.007874015748031495954, -0.1023622047244094613 ) ) ;
#2792 = CARTESIAN_POINT ( 'NONE',  ( -0.1181102362204724532, 0.03149606299212598381, -0.1023622047244094613 ) ) ;
#2793 = DIRECTION ( 'NONE',  ( -1.000000000000000000, 0.000000000000000000, 0.000000000000000000 ) ) ;
#2794 = EDGE_LOOP ( 'NONE', ( #1133, #2687, #182, #3478 ) ) ;
#2795 = EDGE_CURVE ( 'NONE', #2890, #2607, #3295, .T. ) ;
#2796 = EDGE_CURVE ( 'NONE', #2655, #1384, #1698, .T. ) ;
#2797 = DIRECTION ( 'NONE',  ( 0.000000000000000000, 0.000000000000000000, -1.000000000000000000 ) ) ;
#2798 = ORIENTED_EDGE ( 'NONE', *, *, #2071, .F. ) ;
#2799 = AXIS2_PLACEMENT_3D ( 'NONE', #572, #1884, #3474 ) ;
#2800 = EDGE_LOOP ( 'NONE', ( #28, #2412 ) ) ;
#2801 = ORIENTED_EDGE ( 'NONE', *, *, #2391, .F. ) ;
#2802 = AXIS2_PLACEMENT_3D ( 'NONE', #1156, #2246, #3320 ) ;
#2803 = ADVANCED_FACE ( 'NONE', ( #2241 ), #1717, .F. ) ;
#2804 = DIRECTION ( 'NONE',  ( -1.000000000000000000, 0.000000000000000000, 0.000000000000000000 ) ) ;
#2805 = CARTESIAN_POINT ( 'NONE',  ( 0.1614173228346456879, 0.007874015748031495954, -0.1023622047244094613 ) ) ;
#2806 = CARTESIAN_POINT ( 'NONE',  ( -0.1181102362204724532, 0.03937007874015747977, 0.1023622047244094613 ) ) ;
#2807 = ORIENTED_EDGE ( 'NONE', *, *, #3257, .F. ) ;
#2808 = LINE ( 'NONE', #2563, #2473 ) ;
#2809 = CARTESIAN_POINT ( 'NONE',  ( 0.1181102362204724532, 0.03937007874015747977, -0.1023622047244094613 ) ) ;
#2810 = DIRECTION ( 'NONE',  ( -1.016439536705159791E-16, -1.000000000000000000, 0.000000000000000000 ) ) ;
#2811 = CARTESIAN_POINT ( 'NONE',  ( 0.08858267716535433989, 0.1456692913385826960, 0.1122047244094488277 ) ) ;
#2812 = EDGE_LOOP ( 'NONE', ( #853, #2003, #1527, #297 ) ) ;
#2813 = VECTOR ( 'NONE', #1413, 39.37007874015748143 ) ;
#2814 = DIRECTION ( 'NONE',  ( 1.734723475976804925E-15, -1.000000000000000000, 0.000000000000000000 ) ) ;
#2815 = ADVANCED_FACE ( 'NONE', ( #1994 ), #635, .F. ) ;
#2816 = ORIENTED_EDGE ( 'NONE', *, *, #1435, .F. ) ;
#2817 = VECTOR ( 'NONE', #3499, 39.37007874015748143 ) ;
#2818 = PRODUCT ( 'CUI_DEVICES_TS04-66-70-BK-100-SMT', 'CUI_DEVICES_TS04-66-70-BK-100-SMT', '', ( #2108 ) ) ;
#2819 = EDGE_CURVE ( 'NONE', #59, #1496, #442, .T. ) ;
#2820 = VERTEX_POINT ( 'NONE', #2899 ) ;
#2821 = AXIS2_PLACEMENT_3D ( 'NONE', #2590, #2359, #1005 ) ;
#2822 = DIRECTION ( 'NONE',  ( 0.000000000000000000, -1.000000000000000000, 0.000000000000000000 ) ) ;
#2823 = DIRECTION ( 'NONE',  ( 0.000000000000000000, 0.000000000000000000, -1.000000000000000000 ) ) ;
#2824 = CIRCLE ( 'NONE', #54, 0.003937007874015741038 ) ;
#2825 = DIRECTION ( 'NONE',  ( 1.000000000000000000, 0.000000000000000000, 0.000000000000000000 ) ) ;
#2826 = ORIENTED_EDGE ( 'NONE', *, *, #1936, .T. ) ;
#2827 = CIRCLE ( 'NONE', #2663, 0.01181102362204724046 ) ;
#2828 = AXIS2_PLACEMENT_3D ( 'NONE', #2665, #218, #3241 ) ;
#2829 = MANIFOLD_SOLID_BREP ( 'Imported6', #1916 ) ;
#2830 = VERTEX_POINT ( 'NONE', #1481 ) ;
#2831 = CYLINDRICAL_SURFACE ( 'NONE', #2650, 0.005905511811023620231 ) ;
#2832 = FACE_OUTER_BOUND ( 'NONE', #2621, .T. ) ;
#2833 = CARTESIAN_POINT ( 'NONE',  ( -0.1181102362204724532, 0.1299212598425196763, -0.1181102362204724532 ) ) ;
#2834 = FACE_OUTER_BOUND ( 'NONE', #1950, .T. ) ;
#2835 = EDGE_LOOP ( 'NONE', ( #347, #864 ) ) ;
#2836 = ORIENTED_EDGE ( 'NONE', *, *, #110, .T. ) ;
#2837 = CIRCLE ( 'NONE', #2160, 0.01181102362204724046 ) ;
#2838 = EDGE_LOOP ( 'NONE', ( #2965, #874 ) ) ;
#2839 = DIRECTION ( 'NONE',  ( 1.000000000000000000, 0.000000000000000000, 0.000000000000000000 ) ) ;
#2840 = CARTESIAN_POINT ( 'NONE',  ( 0.1181102362204724532, 0.1377952755905511861, -0.1181102362204724532 ) ) ;
#2841 = VERTEX_POINT ( 'NONE', #920 ) ;
#2842 = EDGE_CURVE ( 'NONE', #118, #2868, #2712, .T. ) ;
#2843 = VERTEX_POINT ( 'NONE', #3142 ) ;
#2844 = CARTESIAN_POINT ( 'NONE',  ( -0.1181102362204724532, 0.03937007874015747977, 0.07480314960629921850 ) ) ;
#2845 = CARTESIAN_POINT ( 'NONE',  ( -0.1496062992125984370, 0.03937007874015747977, -0.1023622047244094613 ) ) ;
#2846 = FACE_OUTER_BOUND ( 'NONE', #2326, .T. ) ;
#2847 = ORIENTED_EDGE ( 'NONE', *, *, #1833, .T. ) ;
#2848 = LINE ( 'NONE', #2038, #1235 ) ;
#2849 =( LENGTH_UNIT ( ) NAMED_UNIT ( * ) SI_UNIT ( $, .METRE. ) );
#2850 = CARTESIAN_POINT ( 'NONE',  ( -0.1496062992125984370, 0.03149606299212598381, -0.07480314960629921850 ) ) ;
#2851 = CARTESIAN_POINT ( 'NONE',  ( -0.08858267716535433989, 0.1377952755905511861, -0.1122047244094488277 ) ) ;
#2852 = ORIENTED_EDGE ( 'NONE', *, *, #221, .T. ) ;
#2853 = VERTEX_POINT ( 'NONE', #1544 ) ;
#2855 = EDGE_CURVE ( 'NONE', #1784, #2156, #2010, .T. ) ;
#2854 = ORIENTED_EDGE ( 'NONE', *, *, #432, .F. ) ;
#2856 = CARTESIAN_POINT ( 'NONE',  ( 0.1496062992125984370, 0.02755905511811023584, -0.1023622047244094613 ) ) ;
#2857 = LINE ( 'NONE', #420, #783 ) ;
#2858 = ORIENTED_EDGE ( 'NONE', *, *, #1278, .F. ) ;
#2859 = EDGE_LOOP ( 'NONE', ( #509, #2798 ) ) ;
#2860 = VECTOR ( 'NONE', #1089, 39.37007874015748143 ) ;
#2861 = CARTESIAN_POINT ( 'NONE',  ( -0.08858267716535433989, 0.1377952755905511861, 0.08858267716535433989 ) ) ;
#2862 = DIRECTION ( 'NONE',  ( 1.000000000000000000, 0.000000000000000000, 0.000000000000000000 ) ) ;
#2863 = LINE ( 'NONE', #3410, #275 ) ;
#2864 = EDGE_CURVE ( 'NONE', #1027, #3109, #1825, .T. ) ;
#2865 =( CONVERSION_BASED_UNIT ( 'INCH', #1791 ) LENGTH_UNIT ( ) NAMED_UNIT ( #3139 ) );
#2866 = DIRECTION ( 'NONE',  ( 0.000000000000000000, 1.000000000000000000, 0.000000000000000000 ) ) ;
#2867 = DIRECTION ( 'NONE',  ( -1.000000000000000000, 0.000000000000000000, 0.000000000000000000 ) ) ;
#2868 = VERTEX_POINT ( 'NONE', #993 ) ;
#2869 = EDGE_LOOP ( 'NONE', ( #3020, #2474, #2714, #878 ) ) ;
#2870 = EDGE_CURVE ( 'NONE', #369, #2305, #1748, .T. ) ;
#2871 = EDGE_LOOP ( 'NONE', ( #92, #1902 ) ) ;
#2872 = CYLINDRICAL_SURFACE ( 'NONE', #330, 0.01574803149606299885 ) ;
#2873 = CARTESIAN_POINT ( 'NONE',  ( -0.1181102362204724532, 0.03149606299212598381, -0.07480314960629921850 ) ) ;
#2874 = VECTOR ( 'NONE', #1376, 39.37007874015748143 ) ;
#2875 = ORIENTED_EDGE ( 'NONE', *, *, #3230, .T. ) ;
#2876 = AXIS2_PLACEMENT_3D ( 'NONE', #1073, #2689, #3251 ) ;
#2877 = ADVANCED_FACE ( 'NONE', ( #3085 ), #976, .T. ) ;
#2878 = VERTEX_POINT ( 'NONE', #444 ) ;
#2879 = CIRCLE ( 'NONE', #1747, 0.02362204724409448092 ) ;
#2880 = DIRECTION ( 'NONE',  ( -1.000000000000000000, 0.000000000000000000, 0.000000000000000000 ) ) ;
#2881 = CARTESIAN_POINT ( 'NONE',  ( 0.1535433070866141780, 0.02755905511811023584, -0.1023622047244094613 ) ) ;
#2882 = CARTESIAN_POINT ( 'NONE',  ( -0.1181102362204724532, 0.03937007874015747977, 0.1023622047244094613 ) ) ;
#2883 = AXIS2_PLACEMENT_3D ( 'NONE', #1443, #2520, #817 ) ;
#2884 = VECTOR ( 'NONE', #1264, 39.37007874015748143 ) ;
#2885 = VECTOR ( 'NONE', #1691, 39.37007874015748143 ) ;
#2886 = DIRECTION ( 'NONE',  ( 0.000000000000000000, 0.000000000000000000, -1.000000000000000000 ) ) ;
#2887 = DIRECTION ( 'NONE',  ( 0.000000000000000000, 1.000000000000000000, 0.000000000000000000 ) ) ;
#2888 = EDGE_CURVE ( 'NONE', #2907, #2293, #962, .T. ) ;
#2889 = SPHERICAL_SURFACE ( 'NONE', #2477, 0.03937007874015747977 ) ;
#2890 = VERTEX_POINT ( 'NONE', #2294 ) ;
#2891 = VERTEX_POINT ( 'NONE', #2347 ) ;
#2892 = ORIENTED_EDGE ( 'NONE', *, *, #3187, .F. ) ;
#2893 = LINE ( 'NONE', #489, #957 ) ;
#2894 = CARTESIAN_POINT ( 'NONE',  ( 0.1968503937007874127, -0.003937007874015747977, -0.1023622047244094613 ) ) ;
#2895 = CIRCLE ( 'NONE', #1711, 0.01181102362204724046 ) ;
#2896 = AXIS2_PLACEMENT_3D ( 'NONE', #3023, #1964, #68 ) ;
#2897 = ORIENTED_EDGE ( 'NONE', *, *, #371, .F. ) ;
#2898 = ORIENTED_EDGE ( 'NONE', *, *, #909, .T. ) ;
#2899 = CARTESIAN_POINT ( 'NONE',  ( 0.1653543307086614567, 0.003937007874015747977, 0.07480314960629921850 ) ) ;
#2900 = DIRECTION ( 'NONE',  ( 0.000000000000000000, 0.000000000000000000, 1.000000000000000000 ) ) ;
#2901 = COORDINATED_UNIVERSAL_TIME_OFFSET ( 0, 0, .AHEAD. ) ;
#2902 = DIRECTION ( 'NONE',  ( 0.000000000000000000, 0.000000000000000000, 1.000000000000000000 ) ) ;
#2903 = DIRECTION ( 'NONE',  ( 0.000000000000000000, 0.000000000000000000, -1.000000000000000000 ) ) ;
#2904 = EDGE_LOOP ( 'NONE', ( #3316, #467, #1368, #6 ) ) ;
#2905 = EDGE_LOOP ( 'NONE', ( #2455, #1735, #1802, #197 ) ) ;
#2906 = EDGE_CURVE ( 'NONE', #3117, #1972, #553, .T. ) ;
#2907 = VERTEX_POINT ( 'NONE', #1788 ) ;
#2908 = DIRECTION ( 'NONE',  ( 0.000000000000000000, 1.000000000000000000, 0.000000000000000000 ) ) ;
#2909 = FACE_OUTER_BOUND ( 'NONE', #212, .T. ) ;
#2910 = ADVANCED_FACE ( 'NONE', ( #651 ), #3369, .T. ) ;
#2911 = EDGE_CURVE ( 'NONE', #3344, #418, #3105, .T. ) ;
#2912 = VERTEX_POINT ( 'NONE', #1560 ) ;
#2913 = CARTESIAN_POINT ( 'NONE',  ( 0.1653543307086614567, 0.007874015748031495954, 0.1023622047244094613 ) ) ;
#2914 = VERTEX_POINT ( 'NONE', #2072 ) ;
#2915 = DIRECTION ( 'NONE',  ( 0.000000000000000000, 1.000000000000000000, 0.000000000000000000 ) ) ;
#2916 = LINE ( 'NONE', #2881, #2101 ) ;
#2917 = PERSON_AND_ORGANIZATION ( #1504, #765 ) ;
#2918 = CARTESIAN_POINT ( 'NONE',  ( 0.1496062992125984370, 0.03937007874015747977, -0.07480314960629921850 ) ) ;
#2919 = LINE ( 'NONE', #3470, #1174 ) ;
#2920 = VERTEX_POINT ( 'NONE', #2629 ) ;
#2921 = CIRCLE ( 'NONE', #644, 0.01574803149606299885 ) ;
#2922 = ORIENTED_EDGE ( 'NONE', *, *, #139, .F. ) ;
#2923 = CARTESIAN_POINT ( 'NONE',  ( 0.1614173228346456879, 0.02755905511811023584, 0.1023622047244094613 ) ) ;
#2924 = FACE_OUTER_BOUND ( 'NONE', #903, .T. ) ;
#2925 = LINE ( 'NONE', #1915, #2313 ) ;
#2926 = VERTEX_POINT ( 'NONE', #203 ) ;
#2927 = LINE ( 'NONE', #1871, #1072 ) ;
#2928 = EDGE_CURVE ( 'NONE', #2560, #417, #3427, .T. ) ;
#2929 = ORIENTED_EDGE ( 'NONE', *, *, #3426, .T. ) ;
#2930 = CIRCLE ( 'NONE', #216, 0.01574803149606299885 ) ;
#2931 = LINE ( 'NONE', #781, #1388 ) ;
#2932 = CARTESIAN_POINT ( 'NONE',  ( -0.1653543307086614567, -0.003937007874015747977, 0.1023622047244094613 ) ) ;
#2933 = ADVANCED_FACE ( 'NONE', ( #675 ), #1498, .T. ) ;
#2934 = CIRCLE ( 'NONE', #1636, 0.01181102362204724046 ) ;
#2935 = DIRECTION ( 'NONE',  ( -1.734723475976804925E-15, -1.000000000000000000, 0.000000000000000000 ) ) ;
#2936 = CARTESIAN_POINT ( 'NONE',  ( 0.1181102362204724532, 0.03937007874015747977, 0.1023622047244094613 ) ) ;
#2937 = ORIENTED_EDGE ( 'NONE', *, *, #2730, .F. ) ;
#2938 = AXIS2_PLACEMENT_3D ( 'NONE', #3433, #3076, #1880 ) ;
#2939 = ORIENTED_EDGE ( 'NONE', *, *, #2133, .F. ) ;
#2940 = VECTOR ( 'NONE', #1818, 39.37007874015748143 ) ;
#2941 = DIRECTION ( 'NONE',  ( 0.000000000000000000, 0.000000000000000000, 1.000000000000000000 ) ) ;
#2942 = CARTESIAN_POINT ( 'NONE',  ( -0.1614173228346456879, 0.02755905511811023584, 0.1023622047244094613 ) ) ;
#2943 = CARTESIAN_POINT ( 'NONE',  ( -0.1653543307086614567, 0.003937007874015747977, -0.1023622047244094613 ) ) ;
#2944 = LINE ( 'NONE', #1026, #3385 ) ;
#2945 = AXIS2_PLACEMENT_3D ( 'NONE', #3313, #882, #2785 ) ;
#2946 = AXIS2_PLACEMENT_3D ( 'NONE', #3223, #793, #1885 ) ;
#2947 = AXIS2_PLACEMENT_3D ( 'NONE', #1612, #565, #1876 ) ;
#2948 = CARTESIAN_POINT ( 'NONE',  ( 0.1496062992125984370, 0.03149606299212598381, -0.07480314960629921850 ) ) ;
#2949 = CIRCLE ( 'NONE', #737, 0.02362204724409448092 ) ;
#2950 = ORIENTED_EDGE ( 'NONE', *, *, #1371, .F. ) ;
#2951 = EDGE_CURVE ( 'NONE', #752, #946, #1520, .T. ) ;
#2952 = CARTESIAN_POINT ( 'NONE',  ( -0.1614173228346456879, 0.02755905511811023584, -0.1023622047244094613 ) ) ;
#2953 = DIRECTION ( 'NONE',  ( 0.000000000000000000, 0.000000000000000000, -1.000000000000000000 ) ) ;
#2954 = EDGE_CURVE ( 'NONE', #2613, #3067, #3408, .T. ) ;
#2955 = DIRECTION ( 'NONE',  ( 0.000000000000000000, 1.000000000000000000, 0.000000000000000000 ) ) ;
#2956 = DIRECTION ( 'NONE',  ( 0.000000000000000000, 0.000000000000000000, 1.000000000000000000 ) ) ;
#2957 = ORIENTED_EDGE ( 'NONE', *, *, #2426, .T. ) ;
#2958 = ORIENTED_EDGE ( 'NONE', *, *, #3261, .F. ) ;
#2959 = CARTESIAN_POINT ( 'NONE',  ( -0.1614173228346456879, 0.007874015748031495954, 0.07480314960629921850 ) ) ;
#2960 = CARTESIAN_POINT ( 'NONE',  ( -0.08858267716535433989, 0.1377952755905511861, 0.07283464566929134798 ) ) ;
#2961 = DIRECTION ( 'NONE',  ( 0.000000000000000000, 1.000000000000000000, 0.000000000000000000 ) ) ;
#2962 = FACE_OUTER_BOUND ( 'NONE', #2779, .T. ) ;
#2963 = CC_DESIGN_PERSON_AND_ORGANIZATION_ASSIGNMENT ( #208, #2479, ( #3111 ) ) ;
#2964 = LINE ( 'NONE', #1347, #1127 ) ;
#2965 = ORIENTED_EDGE ( 'NONE', *, *, #3124, .F. ) ;
#2966 = CARTESIAN_POINT ( 'NONE',  ( 0.08858267716535433989, 0.1456692913385826960, -0.08858267716535433989 ) ) ;
#2967 = CARTESIAN_POINT ( 'NONE',  ( 0.1181102362204724532, 0.03149606299212598381, 0.07480314960629921850 ) ) ;
#2968 = LINE ( 'NONE', #2653, #845 ) ;
#2969 = DIRECTION ( 'NONE',  ( 0.000000000000000000, 0.000000000000000000, -1.000000000000000000 ) ) ;
#2970 = ORIENTED_EDGE ( 'NONE', *, *, #3124, .T. ) ;
#2971 = ADVANCED_FACE ( 'NONE', ( #1875 ), #3243, .T. ) ;
#2972 = CARTESIAN_POINT ( 'NONE',  ( -0.1181102362204724532, 0.1377952755905511861, 0.1181102362204724532 ) ) ;
#2973 = VECTOR ( 'NONE', #2458, 39.37007874015748143 ) ;
#2974 = CARTESIAN_POINT ( 'NONE',  ( 0.000000000000000000, 0.2755905511811023723, 0.000000000000000000 ) ) ;
#2975 = CARTESIAN_POINT ( 'NONE',  ( 0.08858267716535433989, 0.1299212598425196763, -0.08858267716535433989 ) ) ;
#2976 = EDGE_CURVE ( 'NONE', #2244, #10, #383, .T. ) ;
#2977 = CARTESIAN_POINT ( 'NONE',  ( -0.1535433070866141780, 0.02755905511811023584, -0.07480314960629921850 ) ) ;
#2978 = ORIENTED_EDGE ( 'NONE', *, *, #88, .F. ) ;
#2979 = CARTESIAN_POINT ( 'NONE',  ( 0.000000000000000000, 0.1377952755905511861, 0.07283464566929134798 ) ) ;
#2980 = FACE_OUTER_BOUND ( 'NONE', #984, .T. ) ;
#2981 = EDGE_LOOP ( 'NONE', ( #140, #2213, #2545, #2674 ) ) ;
#2982 = VECTOR ( 'NONE', #1101, 39.37007874015748143 ) ;
#2983 = DIRECTION ( 'NONE',  ( -1.734723475976804925E-15, -1.000000000000000000, 0.000000000000000000 ) ) ;
#2984 = DIRECTION ( 'NONE',  ( -1.000000000000000000, 0.000000000000000000, 0.000000000000000000 ) ) ;
#2985 = VERTEX_POINT ( 'NONE', #2979 ) ;
#2986 = AXIS2_PLACEMENT_3D ( 'NONE', #2640, #2708, #215 ) ;
#2987 = ADVANCED_FACE ( 'NONE', ( #3496 ), #2172, .F. ) ;
#2988 = CARTESIAN_POINT ( 'NONE',  ( 0.08858267716535433989, 0.1299212598425196763, 0.07283464566929134798 ) ) ;
#2989 = AXIS2_PLACEMENT_3D ( 'NONE', #177, #124, #1233 ) ;
#2990 = DIRECTION ( 'NONE',  ( 0.000000000000000000, 0.000000000000000000, 1.000000000000000000 ) ) ;
#2991 = DIRECTION ( 'NONE',  ( 0.000000000000000000, 0.000000000000000000, -1.000000000000000000 ) ) ;
#2992 = CARTESIAN_POINT ( 'NONE',  ( -0.1181102362204724532, 0.000000000000000000, 0.1122047244094488277 ) ) ;
#2993 = CIRCLE ( 'NONE', #1592, 0.01574803149606299191 ) ;
#2994 = VECTOR ( 'NONE', #2225, 39.37007874015748143 ) ;
#2995 = ORIENTED_EDGE ( 'NONE', *, *, #1728, .F. ) ;
#2996 = CIRCLE ( 'NONE', #2378, 0.02362204724409448092 ) ;
#2997 = DATE_AND_TIME ( #1859, #1517 ) ;
#2998 = FACE_OUTER_BOUND ( 'NONE', #670, .T. ) ;
#2999 = CIRCLE ( 'NONE', #3176, 0.005905511811023620231 ) ;
#3000 = ORIENTED_EDGE ( 'NONE', *, *, #110, .F. ) ;
#3001 = ADVANCED_FACE ( 'NONE', ( #2717 ), #763, .T. ) ;
#3002 = DIRECTION ( 'NONE',  ( 0.000000000000000000, -1.000000000000000000, 0.000000000000000000 ) ) ;
#3003 = ORIENTED_EDGE ( 'NONE', *, *, #563, .F. ) ;
#3004 = FACE_OUTER_BOUND ( 'NONE', #983, .T. ) ;
#3005 = LINE ( 'NONE', #1655, #2014 ) ;
#3006 = DIRECTION ( 'NONE',  ( 0.000000000000000000, 0.000000000000000000, -1.000000000000000000 ) ) ;
#3007 = FACE_BOUND ( 'NONE', #1956, .T. ) ;
#3008 = EDGE_LOOP ( 'NONE', ( #3378, #1038, #592, #3094 ) ) ;
#3009 = DIRECTION ( 'NONE',  ( 0.000000000000000000, 0.000000000000000000, 1.000000000000000000 ) ) ;
#3010 = ADVANCED_FACE ( 'NONE', ( #1030 ), #1118, .T. ) ;
#3011 = EDGE_CURVE ( 'NONE', #719, #779, #3107, .T. ) ;
#3012 = MANIFOLD_SOLID_BREP ( 'NONE', #825 ) ;
#3013 = APPROVAL_DATE_TIME ( #847, #1148 ) ;
#3014 = ORIENTED_EDGE ( 'NONE', *, *, #3123, .T. ) ;
#3015 = EDGE_CURVE ( 'NONE', #1261, #2209, #152, .T. ) ;
#3016 = ORIENTED_EDGE ( 'NONE', *, *, #1608, .F. ) ;
#3017 = DIRECTION ( 'NONE',  ( 0.000000000000000000, 1.000000000000000000, 0.000000000000000000 ) ) ;
#3018 = FACE_OUTER_BOUND ( 'NONE', #1318, .T. ) ;
#3019 = DIRECTION ( 'NONE',  ( 0.000000000000000000, 1.000000000000000000, 0.000000000000000000 ) ) ;
#3020 = ORIENTED_EDGE ( 'NONE', *, *, #379, .F. ) ;
#3021 = CARTESIAN_POINT ( 'NONE',  ( 0.08858267716535433989, 0.1456692913385826960, 0.06496062992125986590 ) ) ;
#3022 = DIRECTION ( 'NONE',  ( 0.000000000000000000, 0.000000000000000000, 1.000000000000000000 ) ) ;
#3023 = CARTESIAN_POINT ( 'NONE',  ( 0.000000000000000000, 0.1299212598425196763, 0.000000000000000000 ) ) ;
#3024 = FACE_BOUND ( 'NONE', #1147, .T. ) ;
#3025 = ORIENTED_EDGE ( 'NONE', *, *, #1283, .T. ) ;
#3026 = VECTOR ( 'NONE', #2195, 39.37007874015748143 ) ;
#3027 = CARTESIAN_POINT ( 'NONE',  ( -0.1181102362204724532, 0.1377952755905511861, 0.1181102362204724532 ) ) ;
#3028 = AXIS2_PLACEMENT_3D ( 'NONE', #142, #1213, #3431 ) ;
#3029 = ADVANCED_FACE ( 'NONE', ( #2648 ), #1045, .T. ) ;
#3030 = ORIENTED_EDGE ( 'NONE', *, *, #186, .T. ) ;
#3031 = ORIENTED_EDGE ( 'NONE', *, *, #2625, .F. ) ;
#3032 = CARTESIAN_POINT ( 'NONE',  ( 0.1496062992125984370, 0.02755905511811023584, -0.1023622047244094613 ) ) ;
#3033 = CARTESIAN_POINT ( 'NONE',  ( -0.08858267716535433989, 0.1823374350353732243, 0.07283464566929134798 ) ) ;
#3034 = CARTESIAN_POINT ( 'NONE',  ( -0.08858267716535433989, 0.1823374350353732243, -0.08858267716535433989 ) ) ;
#3035 = VERTEX_POINT ( 'NONE', #1857 ) ;
#3036 = DIRECTION ( 'NONE',  ( -1.000000000000000000, 0.000000000000000000, 0.000000000000000000 ) ) ;
#3037 = FACE_OUTER_BOUND ( 'NONE', #1439, .T. ) ;
#3038 = DIRECTION ( 'NONE',  ( 0.000000000000000000, 0.000000000000000000, 1.000000000000000000 ) ) ;
#3039 = CARTESIAN_POINT ( 'NONE',  ( -0.08858267716535433989, 0.1377952755905511861, 0.08858267716535433989 ) ) ;
#3040 = VECTOR ( 'NONE', #1654, 39.37007874015748143 ) ;
#3041 = EDGE_LOOP ( 'NONE', ( #1444, #285, #1270, #638, #2588, #2667, #1519, #3080, #2137, #787, #1225, #915 ) ) ;
#3042 = VECTOR ( 'NONE', #2268, 39.37007874015748143 ) ;
#3043 = CARTESIAN_POINT ( 'NONE',  ( 0.1181102362204724532, 0.03937007874015747977, -0.1023622047244094613 ) ) ;
#3044 = CIRCLE ( 'NONE', #2427, 0.005905511811023620231 ) ;
#3045 = AXIS2_PLACEMENT_3D ( 'NONE', #303, #1405, #580 ) ;
#3046 = CIRCLE ( 'NONE', #3504, 0.02362204724409448092 ) ;
#3047 = ORIENTED_EDGE ( 'NONE', *, *, #2870, .T. ) ;
#3048 = VERTEX_POINT ( 'NONE', #478 ) ;
#3049 = VECTOR ( 'NONE', #3314, 39.37007874015748143 ) ;
#3050 = ORIENTED_EDGE ( 'NONE', *, *, #3154, .F. ) ;
#3051 = EDGE_CURVE ( 'NONE', #951, #1796, #86, .T. ) ;
#3052 = VECTOR ( 'NONE', #237, 39.37007874015748143 ) ;
#3053 = CARTESIAN_POINT ( 'NONE',  ( 0.1122047244094488277, 0.1299212598425196763, -0.1122047244094488277 ) ) ;
#3054 = CYLINDRICAL_SURFACE ( 'NONE', #1, 0.003937007874015758385 ) ;
#3055 = DIRECTION ( 'NONE',  ( -0.000000000000000000, 1.000000000000000000, 0.000000000000000000 ) ) ;
#3056 = ORIENTED_EDGE ( 'NONE', *, *, #2415, .F. ) ;
#3057 = EDGE_CURVE ( 'NONE', #2249, #1245, #2931, .T. ) ;
#3058 = ADVANCED_FACE ( 'NONE', ( #1611 ), #1284, .T. ) ;
#3059 = AXIS2_PLACEMENT_3D ( 'NONE', #209, #2301, #1548 ) ;
#3060 = LINE ( 'NONE', #3021, #1229 ) ;
#3061 = CARTESIAN_POINT ( 'NONE',  ( 0.000000000000000000, 0.2696850393700788162, 0.000000000000000000 ) ) ;
#3062 = CARTESIAN_POINT ( 'NONE',  ( 0.08858267716535433989, 0.1299212598425196763, 0.1043307086614173457 ) ) ;
#3063 = LINE ( 'NONE', #84, #3323 ) ;
#3064 = ORIENTED_EDGE ( 'NONE', *, *, #1381, .T. ) ;
#3065 = DIRECTION ( 'NONE',  ( 0.000000000000000000, -1.000000000000000000, 0.000000000000000000 ) ) ;
#3066 = ORIENTED_EDGE ( 'NONE', *, *, #3271, .T. ) ;
#3067 = VERTEX_POINT ( 'NONE', #2682 ) ;
#3068 = ORIENTED_EDGE ( 'NONE', *, *, #2363, .F. ) ;
#3069 = CARTESIAN_POINT ( 'NONE',  ( 0.000000000000000000, 0.1299212598425196763, 0.000000000000000000 ) ) ;
#3070 = CARTESIAN_POINT ( 'NONE',  ( -0.1968503937007874127, 0.003937007874015747977, -0.1023622047244094613 ) ) ;
#3071 = DIRECTION ( 'NONE',  ( 0.000000000000000000, -1.000000000000000000, 0.000000000000000000 ) ) ;
#3072 = ORIENTED_EDGE ( 'NONE', *, *, #3361, .T. ) ;
#3073 = CARTESIAN_POINT ( 'NONE',  ( -0.1122047244094488277, 0.1377952755905511861, -0.1181102362204724532 ) ) ;
#3074 = CARTESIAN_POINT ( 'NONE',  ( -0.08858267716535433989, 0.1456692913385826960, -0.08858267716535433989 ) ) ;
#3075 = EDGE_CURVE ( 'NONE', #1766, #707, #267, .T. ) ;
#3076 = DIRECTION ( 'NONE',  ( 0.000000000000000000, -1.000000000000000000, 0.000000000000000000 ) ) ;
#3077 = VERTEX_POINT ( 'NONE', #2413 ) ;
#3078 = CARTESIAN_POINT ( 'NONE',  ( -0.1653543307086614567, 0.007874015748031495954, -0.1023622047244094613 ) ) ;
#3079 = EDGE_CURVE ( 'NONE', #649, #254, #1352, .T. ) ;
#3080 = ORIENTED_EDGE ( 'NONE', *, *, #3416, .F. ) ;
#3081 = VECTOR ( 'NONE', #1867, 39.37007874015748143 ) ;
#3082 = ORIENTED_EDGE ( 'NONE', *, *, #2685, .T. ) ;
#3083 = ORIENTED_EDGE ( 'NONE', *, *, #1674, .F. ) ;
#3084 = VECTOR ( 'NONE', #680, 39.37007874015748143 ) ;
#3085 = FACE_OUTER_BOUND ( 'NONE', #1438, .T. ) ;
#3086 = DIRECTION ( 'NONE',  ( 0.000000000000000000, -1.000000000000000000, 0.000000000000000000 ) ) ;
#3087 = DIRECTION ( 'NONE',  ( 0.000000000000000000, -1.000000000000000000, 0.000000000000000000 ) ) ;
#3088 = ORIENTED_EDGE ( 'NONE', *, *, #1381, .F. ) ;
#3089 = ORIENTED_EDGE ( 'NONE', *, *, #3250, .T. ) ;
#3090 = CARTESIAN_POINT ( 'NONE',  ( 0.1653543307086614567, 0.003937007874015747977, 0.1023622047244094613 ) ) ;
#3091 = CARTESIAN_POINT ( 'NONE',  ( -0.08858267716535433989, 0.1299212598425196763, -0.1043307086614173457 ) ) ;
#3092 = FACE_BOUND ( 'NONE', #2535, .T. ) ;
#3093 = CARTESIAN_POINT ( 'NONE',  ( -0.1968503937007874127, -0.003937007874015747977, 0.07480314960629921850 ) ) ;
#3094 = ORIENTED_EDGE ( 'NONE', *, *, #1891, .T. ) ;
#3095 = ORIENTED_EDGE ( 'NONE', *, *, #535, .T. ) ;
#3096 = ADVANCED_FACE ( 'NONE', ( #1081 ), #812, .T. ) ;
#3097 = ORIENTED_EDGE ( 'NONE', *, *, #909, .F. ) ;
#3098 = VECTOR ( 'NONE', #322, 39.37007874015748143 ) ;
#3099 = CARTESIAN_POINT ( 'NONE',  ( -0.1181102362204724532, 0.1299212598425196763, -0.1181102362204724532 ) ) ;
#3100 = PLANE ( 'NONE',  #2713 ) ;
#3101 = ORIENTED_EDGE ( 'NONE', *, *, #996, .F. ) ;
#3102 = VECTOR ( 'NONE', #41, 39.37007874015748143 ) ;
#3103 = EDGE_LOOP ( 'NONE', ( #2063, #924, #3122, #1493 ) ) ;
#3104 = CIRCLE ( 'NONE', #2821, 0.02362204724409448092 ) ;
#3105 = LINE ( 'NONE', #2055, #2884 ) ;
#3106 = FACE_BOUND ( 'NONE', #259, .T. ) ;
#3107 = CIRCLE ( 'NONE', #1678, 0.01181102362204724046 ) ;
#3108 = CARTESIAN_POINT ( 'NONE',  ( 0.1122047244094488277, 0.000000000000000000, 0.1122047244094488277 ) ) ;
#3109 = VERTEX_POINT ( 'NONE', #2106 ) ;
#3110 = AXIS2_PLACEMENT_3D ( 'NONE', #2290, #971, #1451 ) ;
#3111 = PRODUCT_DEFINITION ( 'UNKNOWN', '', #1222, #662 ) ;
#3112 = CARTESIAN_POINT ( 'NONE',  ( 0.08858267716535433989, 0.1299212598425196763, -0.08858267716535433989 ) ) ;
#3113 = CARTESIAN_POINT ( 'NONE',  ( -0.08858267716535433989, 0.1456692913385826960, 0.1122047244094488277 ) ) ;
#3114 = DIRECTION ( 'NONE',  ( 1.000000000000000000, 0.000000000000000000, 0.000000000000000000 ) ) ;
#3115 = DIRECTION ( 'NONE',  ( 0.000000000000000000, 0.000000000000000000, 1.000000000000000000 ) ) ;
#3116 = ORIENTED_EDGE ( 'NONE', *, *, #2176, .T. ) ;
#3117 = VERTEX_POINT ( 'NONE', #3180 ) ;
#3118 = AXIS2_PLACEMENT_3D ( 'NONE', #309, #856, #2018 ) ;
#3119 = VERTEX_POINT ( 'NONE', #746 ) ;
#3120 = DIRECTION ( 'NONE',  ( 1.734723475976804925E-15, -1.000000000000000000, 0.000000000000000000 ) ) ;
#3121 = LINE ( 'NONE', #1221, #1242 ) ;
#3122 = ORIENTED_EDGE ( 'NONE', *, *, #387, .F. ) ;
#3123 = EDGE_CURVE ( 'NONE', #3318, #161, #2449, .T. ) ;
#3124 = EDGE_CURVE ( 'NONE', #3149, #2190, #1900, .T. ) ;
#3125 = VERTEX_POINT ( 'NONE', #32 ) ;
#3126 = DIRECTION ( 'NONE',  ( 0.000000000000000000, 0.000000000000000000, -1.000000000000000000 ) ) ;
#3127 = FACE_BOUND ( 'NONE', #2118, .T. ) ;
#3128 = ADVANCED_FACE ( 'NONE', ( #2166 ), #294, .T. ) ;
#3129 = CARTESIAN_POINT ( 'NONE',  ( -0.08858267716535433989, 0.1456692913385826960, -0.08858267716535433989 ) ) ;
#3130 = CARTESIAN_POINT ( 'NONE',  ( 0.1181102362204724532, 0.1377952755905511861, -0.1122047244094488277 ) ) ;
#3131 = DIRECTION ( 'NONE',  ( 1.016439536705159791E-16, -1.000000000000000000, 0.000000000000000000 ) ) ;
#3132 = ORIENTED_EDGE ( 'NONE', *, *, #25, .F. ) ;
#3133 = ORIENTED_EDGE ( 'NONE', *, *, #933, .T. ) ;
#3134 = ORIENTED_EDGE ( 'NONE', *, *, #2349, .T. ) ;
#3135 = CARTESIAN_POINT ( 'NONE',  ( -0.08858267716535433989, 0.1377952755905511861, 0.08858267716535433989 ) ) ;
#3136 = DIRECTION ( 'NONE',  ( 0.000000000000000000, -1.000000000000000000, 0.000000000000000000 ) ) ;
#3137 = VERTEX_POINT ( 'NONE', #3238 ) ;
#3138 = ORIENTED_EDGE ( 'NONE', *, *, #281, .F. ) ;
#3139 = DIMENSIONAL_EXPONENTS ( 1.000000000000000000, 0.000000000000000000, 0.000000000000000000, 0.000000000000000000, 0.000000000000000000, 0.000000000000000000, 0.000000000000000000 ) ;
#3140 = EDGE_CURVE ( 'NONE', #2914, #2480, #233, .T. ) ;
#3141 = VECTOR ( 'NONE', #891, 39.37007874015748143 ) ;
#3142 = CARTESIAN_POINT ( 'NONE',  ( 0.1968503937007874127, 0.003937007874015747977, 0.07480314960629921850 ) ) ;
#3143 = CARTESIAN_POINT ( 'NONE',  ( 0.08858267716535433989, 0.1456692913385826960, -0.08858267716535433989 ) ) ;
#3144 = CARTESIAN_POINT ( 'NONE',  ( 0.1496062992125984370, 0.03937007874015747977, 0.07480314960629921850 ) ) ;
#3145 = ADVANCED_FACE ( 'NONE', ( #1933 ), #1670, .T. ) ;
#3146 = DIRECTION ( 'NONE',  ( 0.000000000000000000, 1.000000000000000000, 0.000000000000000000 ) ) ;
#3147 = LINE ( 'NONE', #642, #494 ) ;
#3148 = VERTEX_POINT ( 'NONE', #1328 ) ;
#3149 = VERTEX_POINT ( 'NONE', #2960 ) ;
#3150 = ORIENTED_EDGE ( 'NONE', *, *, #1282, .F. ) ;
#3151 = DIRECTION ( 'NONE',  ( 0.000000000000000000, 1.000000000000000000, 0.000000000000000000 ) ) ;
#3152 = CARTESIAN_POINT ( 'NONE',  ( 0.1653543307086614567, 0.003937007874015747977, -0.07480314960629921850 ) ) ;
#3153 = EDGE_CURVE ( 'NONE', #1423, #738, #2298, .T. ) ;
#3154 = EDGE_CURVE ( 'NONE', #960, #3346, #1097, .T. ) ;
#3155 = ORIENTED_EDGE ( 'NONE', *, *, #1379, .F. ) ;
#3156 = AXIS2_PLACEMENT_3D ( 'NONE', #1709, #914, #1433 ) ;
#3157 = ADVANCED_FACE ( 'NONE', ( #1378 ), #1054, .T. ) ;
#3158 = ORIENTED_EDGE ( 'NONE', *, *, #1578, .T. ) ;
#3159 = AXIS2_PLACEMENT_3D ( 'NONE', #63, #852, #1086 ) ;
#3160 = DIRECTION ( 'NONE',  ( -1.016439536705159791E-16, -1.000000000000000000, 0.000000000000000000 ) ) ;
#3161 = LINE ( 'NONE', #2348, #510 ) ;
#3162 = EDGE_CURVE ( 'NONE', #1987, #3455, #3488, .T. ) ;
#3163 = CIRCLE ( 'NONE', #2599, 0.003937007874015758385 ) ;
#3164 = AXIS2_PLACEMENT_3D ( 'NONE', #2466, #3017, #115 ) ;
#3165 = VECTOR ( 'NONE', #747, 39.37007874015748143 ) ;
#3166 = DIRECTION ( 'NONE',  ( 0.000000000000000000, 0.000000000000000000, 1.000000000000000000 ) ) ;
#3167 = FACE_OUTER_BOUND ( 'NONE', #2724, .T. ) ;
#3168 = ORIENTED_EDGE ( 'NONE', *, *, #3153, .F. ) ;
#3169 = ORIENTED_EDGE ( 'NONE', *, *, #2733, .T. ) ;
#3170 = EDGE_CURVE ( 'NONE', #2013, #2053, #2354, .T. ) ;
#3171 = EDGE_CURVE ( 'NONE', #744, #2868, #841, .T. ) ;
#3172 = TOROIDAL_SURFACE ( 'NONE', #1760, 0.05921257006065491768, 0.005905511811023621965 ) ;
#3173 = EDGE_LOOP ( 'NONE', ( #1856, #2550, #1310, #400 ) ) ;
#3174 = DIRECTION ( 'NONE',  ( 0.000000000000000000, 0.000000000000000000, 1.000000000000000000 ) ) ;
#3175 = FACE_OUTER_BOUND ( 'NONE', #2981, .T. ) ;
#3176 = AXIS2_PLACEMENT_3D ( 'NONE', #2109, #2370, #3166 ) ;
#3177 = ORIENTED_EDGE ( 'NONE', *, *, #838, .F. ) ;
#3178 = CARTESIAN_POINT ( 'NONE',  ( 0.000000000000000000, 0.2698445895355191526, 0.000000000000000000 ) ) ;
#3179 = ORIENTED_EDGE ( 'NONE', *, *, #1502, .T. ) ;
#3180 = CARTESIAN_POINT ( 'NONE',  ( -0.1496062992125984370, 0.03149606299212598381, 0.1023622047244094613 ) ) ;
#3181 = LINE ( 'NONE', #730, #384 ) ;
#3182 = APPROVAL_ROLE ( '' ) ;
#3183 = DIRECTION ( 'NONE',  ( 0.000000000000000000, 0.000000000000000000, -1.000000000000000000 ) ) ;
#3184 = FACE_OUTER_BOUND ( 'NONE', #3293, .T. ) ;
#3185 = ORIENTED_EDGE ( 'NONE', *, *, #2888, .T. ) ;
#3186 = EDGE_LOOP ( 'NONE', ( #2503, #1689, #2644, #2847 ) ) ;
#3187 = EDGE_CURVE ( 'NONE', #1910, #719, #2130, .T. ) ;
#3188 = DIRECTION ( 'NONE',  ( 1.000000000000000000, 0.000000000000000000, 0.000000000000000000 ) ) ;
#3189 = CARTESIAN_POINT ( 'NONE',  ( 0.1653543307086614567, 0.007874015748031495954, -0.1023622047244094613 ) ) ;
#3190 = CARTESIAN_POINT ( 'NONE',  ( -0.1535433070866141780, 0.007874015748031495954, -0.07480314960629921850 ) ) ;
#3191 = ADVANCED_FACE ( 'NONE', ( #15 ), #1912, .F. ) ;
#3192 = EDGE_LOOP ( 'NONE', ( #2854, #1676, #715, #3485 ) ) ;
#3193 = DIRECTION ( 'NONE',  ( 0.000000000000000000, 1.000000000000000000, 0.000000000000000000 ) ) ;
#3194 = ORIENTED_EDGE ( 'NONE', *, *, #1938, .T. ) ;
#3195 = DIRECTION ( 'NONE',  ( -0.000000000000000000, -1.000000000000000000, -0.000000000000000000 ) ) ;
#3196 = DIRECTION ( 'NONE',  ( 0.000000000000000000, -1.000000000000000000, 0.000000000000000000 ) ) ;
#3197 = CALENDAR_DATE ( 2024, 13, 5 ) ;
#3198 = LINE ( 'NONE', #1879, #2773 ) ;
#3199 = CARTESIAN_POINT ( 'NONE',  ( -0.1614173228346456879, 0.007874015748031495954, 0.1023622047244094613 ) ) ;
#3200 = ORIENTED_EDGE ( 'NONE', *, *, #2529, .T. ) ;
#3201 = CIRCLE ( 'NONE', #3481, 0.01181102362204724046 ) ;
#3202 = ORIENTED_EDGE ( 'NONE', *, *, #974, .T. ) ;
#3203 = APPROVAL_PERSON_ORGANIZATION ( #2917, #1148, #3182 ) ;
#3204 = FACE_OUTER_BOUND ( 'NONE', #698, .T. ) ;
#3205 = CARTESIAN_POINT ( 'NONE',  ( -0.08858267716535433989, 0.1456692913385826960, 0.08858267716535433989 ) ) ;
#3206 = DIRECTION ( 'NONE',  ( -1.734723475976804925E-15, -1.000000000000000000, 0.000000000000000000 ) ) ;
#3207 = DIRECTION ( 'NONE',  ( 1.000000000000000000, 0.000000000000000000, 0.000000000000000000 ) ) ;
#3208 = ADVANCED_FACE ( 'NONE', ( #525 ), #1897, .T. ) ;
#3209 = DIRECTION ( 'NONE',  ( 0.000000000000000000, 0.000000000000000000, 1.000000000000000000 ) ) ;
#3210 = ORIENTED_EDGE ( 'NONE', *, *, #205, .T. ) ;
#3211 = CIRCLE ( 'NONE', #595, 0.005905511811023620231 ) ;
#3212 = DIRECTION ( 'NONE',  ( 0.000000000000000000, 0.000000000000000000, 1.000000000000000000 ) ) ;
#3213 = CARTESIAN_POINT ( 'NONE',  ( 0.08858267716535433989, 0.1377952755905511861, -0.08858267716535433989 ) ) ;
#3214 = CIRCLE ( 'NONE', #1812, 0.003937007874015741038 ) ;
#3215 = DIRECTION ( 'NONE',  ( 0.000000000000000000, 0.000000000000000000, 1.000000000000000000 ) ) ;
#3216 = CARTESIAN_POINT ( 'NONE',  ( -0.08858267716535433989, 0.1377952755905511861, -0.08858267716535433989 ) ) ;
#3217 = ORIENTED_EDGE ( 'NONE', *, *, #1512, .T. ) ;
#3218 = EDGE_LOOP ( 'NONE', ( #3464, #958, #608, #2342 ) ) ;
#3219 = EDGE_CURVE ( 'NONE', #1263, #178, #2691, .T. ) ;
#3220 = VECTOR ( 'NONE', #1734, 39.37007874015748143 ) ;
#3221 = DIRECTION ( 'NONE',  ( 0.000000000000000000, 1.000000000000000000, 0.000000000000000000 ) ) ;
#3222 = CARTESIAN_POINT ( 'NONE',  ( -0.1122047244094488277, 0.1299212598425196763, -0.1122047244094488277 ) ) ;
#3223 = CARTESIAN_POINT ( 'NONE',  ( 0.08858267716535433989, 0.1141732283464566844, -0.08858267716535433989 ) ) ;
#3224 = CARTESIAN_POINT ( 'NONE',  ( -0.08858267716535433989, 0.1299212598425196763, 0.08858267716535433989 ) ) ;
#3225 = VECTOR ( 'NONE', #883, 39.37007874015748143 ) ;
#3226 = CIRCLE ( 'NONE', #558, 0.06889763779527559306 ) ;
#3227 = CARTESIAN_POINT ( 'NONE',  ( 0.000000000000000000, 0.2698445895355191526, 0.06511592618195129190 ) ) ;
#3228 = CIRCLE ( 'NONE', #284, 0.02362204724409448092 ) ;
#3229 = ORIENTED_EDGE ( 'NONE', *, *, #1954, .T. ) ;
#3230 = EDGE_CURVE ( 'NONE', #779, #146, #3506, .T. ) ;
#3231 = DIRECTION ( 'NONE',  ( 0.000000000000000000, 0.000000000000000000, -1.000000000000000000 ) ) ;
#3232 = FACE_OUTER_BOUND ( 'NONE', #868, .T. ) ;
#3233 = EDGE_CURVE ( 'NONE', #3048, #1992, #1363, .T. ) ;
#3234 = DIRECTION ( 'NONE',  ( 0.000000000000000000, 0.000000000000000000, -1.000000000000000000 ) ) ;
#3235 = FACE_OUTER_BOUND ( 'NONE', #1997, .T. ) ;
#3236 = ORIENTED_EDGE ( 'NONE', *, *, #433, .T. ) ;
#3237 = CARTESIAN_POINT ( 'NONE',  ( 8.919671568592926781E-18, 0.1299212598425196763, -0.07283464566929134798 ) ) ;
#3238 = CARTESIAN_POINT ( 'NONE',  ( 0.1122047244094488277, 0.000000000000000000, -0.1181102362204724532 ) ) ;
#3239 = DIRECTION ( 'NONE',  ( 0.000000000000000000, 0.000000000000000000, -1.000000000000000000 ) ) ;
#3240 = DIRECTION ( 'NONE',  ( 0.000000000000000000, 0.000000000000000000, -1.000000000000000000 ) ) ;
#3241 = DIRECTION ( 'NONE',  ( 0.000000000000000000, 0.000000000000000000, -1.000000000000000000 ) ) ;
#3242 = ORIENTED_EDGE ( 'NONE', *, *, #1057, .F. ) ;
#3243 = CYLINDRICAL_SURFACE ( 'NONE', #3450, 0.01574803149606299885 ) ;
#3244 = CARTESIAN_POINT ( 'NONE',  ( 0.1181102362204724532, 0.03937007874015747977, -0.1023622047244094613 ) ) ;
#3245 = ORIENTED_EDGE ( 'NONE', *, *, #819, .T. ) ;
#3246 = EDGE_CURVE ( 'NONE', #2340, #1832, #704, .T. ) ;
#3247 = CARTESIAN_POINT ( 'NONE',  ( -0.1496062992125984370, 0.03937007874015747977, 0.1023622047244094613 ) ) ;
#3248 = DIRECTION ( 'NONE',  ( -1.000000000000000000, -1.016439536705159791E-16, 0.000000000000000000 ) ) ;
#3249 = ORIENTED_EDGE ( 'NONE', *, *, #221, .F. ) ;
#3250 = EDGE_CURVE ( 'NONE', #2079, #2323, #1043, .T. ) ;
#3251 = DIRECTION ( 'NONE',  ( 0.000000000000000000, 0.000000000000000000, 1.000000000000000000 ) ) ;
#3252 = AXIS2_PLACEMENT_3D ( 'NONE', #3205, #772, #512 ) ;
#3253 = CARTESIAN_POINT ( 'NONE',  ( -0.1496062992125984370, 0.02755905511811023584, -0.07480314960629921850 ) ) ;
#3254 = LINE ( 'NONE', #3490, #720 ) ;
#3255 = DIRECTION ( 'NONE',  ( 0.000000000000000000, 0.000000000000000000, 1.000000000000000000 ) ) ;
#3256 = CC_DESIGN_APPROVAL ( #2164, ( #991 ) ) ;
#3257 = EDGE_CURVE ( 'NONE', #2830, #389, #871, .T. ) ;
#3258 = EDGE_CURVE ( 'NONE', #2053, #999, #3005, .T. ) ;
#3259 = ORIENTED_EDGE ( 'NONE', *, *, #2250, .T. ) ;
#3260 = DIRECTION ( 'NONE',  ( 0.000000000000000000, 0.000000000000000000, -1.000000000000000000 ) ) ;
#3261 = EDGE_CURVE ( 'NONE', #291, #574, #1139, .T. ) ;
#3262 = ORIENTED_EDGE ( 'NONE', *, *, #2448, .T. ) ;
#3263 = CARTESIAN_POINT ( 'NONE',  ( 0.1181102362204724532, 0.03937007874015747977, -0.1023622047244094613 ) ) ;
#3264 = PLANE ( 'NONE',  #380 ) ;
#3265 = ORIENTED_EDGE ( 'NONE', *, *, #1622, .F. ) ;
#3266 = AXIS2_PLACEMENT_3D ( 'NONE', #3039, #1158, #1986 ) ;
#3267 = FACE_BOUND ( 'NONE', #2555, .T. ) ;
#3268 = CIRCLE ( 'NONE', #3388, 0.01574803149606299191 ) ;
#3269 = CARTESIAN_POINT ( 'NONE',  ( -0.1535433070866141780, 0.02755905511811023584, 0.07480314960629921850 ) ) ;
#3270 = DIRECTION ( 'NONE',  ( 0.000000000000000000, 0.000000000000000000, 1.000000000000000000 ) ) ;
#3271 = EDGE_CURVE ( 'NONE', #453, #2013, #1932, .T. ) ;
#3272 = EDGE_CURVE ( 'NONE', #1672, #125, #2921, .T. ) ;
#3273 = CARTESIAN_POINT ( 'NONE',  ( -0.1496062992125984370, 0.02755905511811023584, -0.1023622047244094613 ) ) ;
#3274 = CIRCLE ( 'NONE', #501, 0.01574803149606299191 ) ;
#3275 = CARTESIAN_POINT ( 'NONE',  ( -0.08858267716535433989, 0.1377952755905511861, -0.1043307086614173457 ) ) ;
#3276 = EDGE_CURVE ( 'NONE', #2372, #179, #1102, .T. ) ;
#3277 = AXIS2_PLACEMENT_3D ( 'NONE', #708, #2822, #2557 ) ;
#3278 = AXIS2_PLACEMENT_3D ( 'NONE', #2450, #22, #3260 ) ;
#3279 = LINE ( 'NONE', #36, #112 ) ;
#3280 = VECTOR ( 'NONE', #1178, 39.37007874015748143 ) ;
#3281 = EDGE_LOOP ( 'NONE', ( #2816, #3169, #1497, #229, #2675, #3089, #700, #797 ) ) ;
#3282 = VERTEX_POINT ( 'NONE', #340 ) ;
#3283 = FACE_OUTER_BOUND ( 'NONE', #1375, .T. ) ;
#3284 = CARTESIAN_POINT ( 'NONE',  ( -0.1653543307086614567, -0.003937007874015747977, 0.1023622047244094613 ) ) ;
#3285 = ORIENTED_EDGE ( 'NONE', *, *, #1901, .F. ) ;
#3286 = CARTESIAN_POINT ( 'NONE',  ( -0.1122047244094488277, 0.1377952755905511861, 0.1181102362204724532 ) ) ;
#3287 = DIRECTION ( 'NONE',  ( -1.734723475976804925E-15, -1.000000000000000000, 0.000000000000000000 ) ) ;
#3288 = DIRECTION ( 'NONE',  ( 0.000000000000000000, -1.000000000000000000, 0.000000000000000000 ) ) ;
#3289 = CARTESIAN_POINT ( 'NONE',  ( -0.08858267716535433989, 0.1456692913385826960, -0.08858267716535433989 ) ) ;
#3290 = ORIENTED_EDGE ( 'NONE', *, *, #594, .F. ) ;
#3291 = EDGE_CURVE ( 'NONE', #2382, #3407, #3341, .T. ) ;
#3292 = DIRECTION ( 'NONE',  ( 0.000000000000000000, 0.000000000000000000, -1.000000000000000000 ) ) ;
#3293 = EDGE_LOOP ( 'NONE', ( #85, #3249, #1477, #1393 ) ) ;
#3294 = VERTEX_POINT ( 'NONE', #293 ) ;
#3295 = LINE ( 'NONE', #865, #1644 ) ;
#3296 = CARTESIAN_POINT ( 'NONE',  ( 8.919671568592926781E-18, -0.07608622758978160483, -0.07283464566929134798 ) ) ;
#3297 = CARTESIAN_POINT ( 'NONE',  ( -0.1653543307086614567, -0.003937007874015747977, 0.07480314960629921850 ) ) ;
#3298 = ORIENTED_EDGE ( 'NONE', *, *, #1895, .T. ) ;
#3299 = CARTESIAN_POINT ( 'NONE',  ( 0.1968503937007874127, -0.003937007874015747977, -0.07480314960629921850 ) ) ;
#3300 = FACE_OUTER_BOUND ( 'NONE', #3360, .T. ) ;
#3301 = PLANE ( 'NONE',  #1648 ) ;
#3302 = CARTESIAN_POINT ( 'NONE',  ( -0.08858267716535433989, 0.1377952755905511861, -0.08858267716535433989 ) ) ;
#3303 = ORIENTED_EDGE ( 'NONE', *, *, #2116, .F. ) ;
#3304 = AXIS2_PLACEMENT_3D ( 'NONE', #1889, #2915, #2383 ) ;
#3305 = DIRECTION ( 'NONE',  ( 0.000000000000000000, -1.000000000000000000, 0.000000000000000000 ) ) ;
#3306 = EDGE_CURVE ( 'NONE', #683, #2232, #912, .T. ) ;
#3307 = VECTOR ( 'NONE', #413, 39.37007874015748143 ) ;
#3308 = ORIENTED_EDGE ( 'NONE', *, *, #2512, .F. ) ;
#3309 = ADVANCED_FACE ( 'NONE', ( #1722 ), #586, .T. ) ;
#3310 = ADVANCED_FACE ( 'NONE', ( #3037 ), #1121, .T. ) ;
#3311 = ORIENTED_EDGE ( 'NONE', *, *, #2325, .F. ) ;
#3312 = ORIENTED_EDGE ( 'NONE', *, *, #3140, .F. ) ;
#3313 = CARTESIAN_POINT ( 'NONE',  ( 0.1181102362204724532, 0.1299212598425196763, -0.1181102362204724532 ) ) ;
#3314 = DIRECTION ( 'NONE',  ( 0.000000000000000000, -1.000000000000000000, 0.000000000000000000 ) ) ;
#3315 = FACE_OUTER_BOUND ( 'NONE', #153, .T. ) ;
#3316 = ORIENTED_EDGE ( 'NONE', *, *, #2646, .F. ) ;
#3317 = AXIS2_PLACEMENT_3D ( 'NONE', #2923, #555, #2659 ) ;
#3318 = VERTEX_POINT ( 'NONE', #1447 ) ;
#3319 = DIRECTION ( 'NONE',  ( 3.308648016677158875E-18, -0.9996349698728534960, 0.02701716134791491003 ) ) ;
#3320 = DIRECTION ( 'NONE',  ( -1.000000000000000000, 0.000000000000000000, 0.000000000000000000 ) ) ;
#3321 = CARTESIAN_POINT ( 'NONE',  ( 0.000000000000000000, 0.1299212598425196763, -0.06889763779527559306 ) ) ;
#3322 = CARTESIAN_POINT ( 'NONE',  ( 0.08858267716535433989, 0.1377952755905511861, 0.08858267716535433989 ) ) ;
#3323 = VECTOR ( 'NONE', #2248, 39.37007874015748143 ) ;
#3324 = ORIENTED_EDGE ( 'NONE', *, *, #711, .F. ) ;
#3325 = CIRCLE ( 'NONE', #2422, 0.01574803149606299885 ) ;
#3326 = LINE ( 'NONE', #628, #1641 ) ;
#3327 = VECTOR ( 'NONE', #3087, 39.37007874015748143 ) ;
#3328 = CIRCLE ( 'NONE', #2598, 0.005905511811023620231 ) ;
#3329 = ORIENTED_EDGE ( 'NONE', *, *, #2742, .F. ) ;
#3330 = VERTEX_POINT ( 'NONE', #1177 ) ;
#3331 = CIRCLE ( 'NONE', #1705, 0.01574803149606299885 ) ;
#3332 = ORIENTED_EDGE ( 'NONE', *, *, #1622, .T. ) ;
#3333 = VECTOR ( 'NONE', #800, 39.37007874015748143 ) ;
#3334 = DIRECTION ( 'NONE',  ( 0.000000000000000000, 0.000000000000000000, -1.000000000000000000 ) ) ;
#3335 = LINE ( 'NONE', #1995, #3225 ) ;
#3336 = DIRECTION ( 'NONE',  ( 0.000000000000000000, 0.000000000000000000, -1.000000000000000000 ) ) ;
#3337 = VERTEX_POINT ( 'NONE', #2739 ) ;
#3338 = AXIS2_PLACEMENT_3D ( 'NONE', #2211, #1975, #1424 ) ;
#3339 = EDGE_CURVE ( 'NONE', #523, #2830, #605, .T. ) ;
#3340 = DIRECTION ( 'NONE',  ( 0.000000000000000000, -1.000000000000000000, 0.000000000000000000 ) ) ;
#3341 = LINE ( 'NONE', #1686, #1333 ) ;
#3342 = FACE_OUTER_BOUND ( 'NONE', #2297, .T. ) ;
#3343 = CARTESIAN_POINT ( 'NONE',  ( 0.08858267716535433989, 0.1377952755905511861, -0.1122047244094488277 ) ) ;
#3344 = VERTEX_POINT ( 'NONE', #31 ) ;
#3345 = DIRECTION ( 'NONE',  ( 0.000000000000000000, 1.000000000000000000, 0.000000000000000000 ) ) ;
#3346 = VERTEX_POINT ( 'NONE', #3269 ) ;
#3347 = VERTEX_POINT ( 'NONE', #1707 ) ;
#3348 = ORIENTED_EDGE ( 'NONE', *, *, #1382, .T. ) ;
#3349 = DIRECTION ( 'NONE',  ( 0.000000000000000000, -0.9996349698728534960, -0.02701716134791491003 ) ) ;
#3350 = CARTESIAN_POINT ( 'NONE',  ( -0.1968503937007874127, -0.003937007874015747977, -0.1023622047244094613 ) ) ;
#3351 = CARTESIAN_POINT ( 'NONE',  ( 0.1653543307086614567, 0.007874015748031495954, 0.1023622047244094613 ) ) ;
#3352 = ORIENTED_EDGE ( 'NONE', *, *, #1145, .F. ) ;
#3353 = EDGE_CURVE ( 'NONE', #2494, #744, #2635, .T. ) ;
#3354 = EDGE_LOOP ( 'NONE', ( #879, #411, #2280, #887, #3303, #3133, #930, #1087 ) ) ;
#3355 = DIRECTION ( 'NONE',  ( 1.224646799147353454E-16, 0.000000000000000000, -1.000000000000000000 ) ) ;
#3356 = LINE ( 'NONE', #712, #1513 ) ;
#3357 = FACE_OUTER_BOUND ( 'NONE', #3281, .T. ) ;
#3358 = FACE_OUTER_BOUND ( 'NONE', #403, .T. ) ;
#3359 = ORIENTED_EDGE ( 'NONE', *, *, #2670, .T. ) ;
#3360 = EDGE_LOOP ( 'NONE', ( #3050, #1940, #736, #1993 ) ) ;
#3361 = EDGE_CURVE ( 'NONE', #2926, #3048, #3201, .T. ) ;
#3362 = ORIENTED_EDGE ( 'NONE', *, *, #1502, .F. ) ;
#3363 = CARTESIAN_POINT ( 'NONE',  ( 7.612924748315571273E-18, 0.2755905511811023723, -0.05921257006065491768 ) ) ;
#3364 = DIRECTION ( 'NONE',  ( 0.000000000000000000, 0.000000000000000000, -1.000000000000000000 ) ) ;
#3365 = ORIENTED_EDGE ( 'NONE', *, *, #3246, .F. ) ;
#3366 = AXIS2_PLACEMENT_3D ( 'NONE', #840, #2776, #855 ) ;
#3367 = ORIENTED_EDGE ( 'NONE', *, *, #2670, .F. ) ;
#3368 = VECTOR ( 'NONE', #2886, 39.37007874015748143 ) ;
#3369 = PLANE ( 'NONE',  #3277 ) ;
#3370 = DIRECTION ( 'NONE',  ( 0.000000000000000000, 1.000000000000000000, 0.000000000000000000 ) ) ;
#3371 = CARTESIAN_POINT ( 'NONE',  ( -0.1653543307086614567, -0.003937007874015747977, -0.1023622047244094613 ) ) ;
#3372 = ORIENTED_EDGE ( 'NONE', *, *, #2258, .T. ) ;
#3373 = DIRECTION ( 'NONE',  ( 0.000000000000000000, 1.000000000000000000, 0.000000000000000000 ) ) ;
#3374 = PLANE ( 'NONE',  #1047 ) ;
#3375 = DIRECTION ( 'NONE',  ( 0.000000000000000000, 1.000000000000000000, 0.000000000000000000 ) ) ;
#3376 = CYLINDRICAL_SURFACE ( 'NONE', #3444, 0.01181102362204724046 ) ;
#3377 = ORIENTED_EDGE ( 'NONE', *, *, #247, .T. ) ;
#3378 = ORIENTED_EDGE ( 'NONE', *, *, #1195, .T. ) ;
#3379 = EDGE_CURVE ( 'NONE', #2604, #1838, #1953, .T. ) ;
#3380 = EDGE_CURVE ( 'NONE', #2468, #2163, #2407, .T. ) ;
#3381 = ORIENTED_EDGE ( 'NONE', *, *, #2215, .F. ) ;
#3382 = AXIS2_PLACEMENT_3D ( 'NONE', #791, #3221, #538 ) ;
#3383 = CARTESIAN_POINT ( 'NONE',  ( 0.08858267716535433989, 0.1377952755905511861, -0.07283464566929134798 ) ) ;
#3384 = PLANE ( 'NONE',  #1176 ) ;
#3385 = VECTOR ( 'NONE', #3207, 39.37007874015748143 ) ;
#3386 = ADVANCED_FACE ( 'NONE', ( #3300 ), #2506, .F. ) ;
#3387 = ORIENTED_EDGE ( 'NONE', *, *, #1690, .T. ) ;
#3388 = AXIS2_PLACEMENT_3D ( 'NONE', #981, #160, #3115 ) ;
#3389 = ORIENTED_EDGE ( 'NONE', *, *, #2842, .F. ) ;
#3390 = VECTOR ( 'NONE', #2291, 39.37007874015748143 ) ;
#3391 = DIRECTION ( 'NONE',  ( 0.000000000000000000, 0.000000000000000000, 1.000000000000000000 ) ) ;
#3392 = DIRECTION ( 'NONE',  ( 1.000000000000000000, 0.000000000000000000, 0.000000000000000000 ) ) ;
#3393 = CARTESIAN_POINT ( 'NONE',  ( 0.08858267716535433989, 0.1377952755905511861, 0.1043307086614173457 ) ) ;
#3394 = AXIS2_PLACEMENT_3D ( 'NONE', #361, #721, #2839 ) ;
#3395 = LINE ( 'NONE', #373, #3307 ) ;
#3396 = DIRECTION ( 'NONE',  ( 1.000000000000000000, -1.016439536705159791E-16, 0.000000000000000000 ) ) ;
#3397 = DIRECTION ( 'NONE',  ( 0.000000000000000000, -1.000000000000000000, 0.000000000000000000 ) ) ;
#3398 = ORIENTED_EDGE ( 'NONE', *, *, #2215, .T. ) ;
#3399 = ORIENTED_EDGE ( 'NONE', *, *, #2199, .F. ) ;
#3400 = CIRCLE ( 'NONE', #3118, 0.01574803149606299191 ) ;
#3401 = ORIENTED_EDGE ( 'NONE', *, *, #2465, .F. ) ;
#3402 = DIRECTION ( 'NONE',  ( 0.000000000000000000, 1.000000000000000000, 0.000000000000000000 ) ) ;
#3403 = DIRECTION ( 'NONE',  ( 0.000000000000000000, 0.000000000000000000, 1.000000000000000000 ) ) ;
#3404 = EDGE_CURVE ( 'NONE', #2322, #274, #624, .T. ) ;
#3405 = ORIENTED_EDGE ( 'NONE', *, *, #844, .F. ) ;
#3406 = EDGE_CURVE ( 'NONE', #649, #2239, #480, .T. ) ;
#3407 = VERTEX_POINT ( 'NONE', #3091 ) ;
#3408 = LINE ( 'NONE', #1804, #2662 ) ;
#3409 = CARTESIAN_POINT ( 'NONE',  ( -0.1181102362204724532, 0.1377952755905511861, -0.1181102362204724532 ) ) ;
#3410 = CARTESIAN_POINT ( 'NONE',  ( -0.1535433070866141780, 0.02755905511811023584, -0.1023622047244094613 ) ) ;
#3411 = LINE ( 'NONE', #2564, #1738 ) ;
#3412 = LINE ( 'NONE', #2833, #2154 ) ;
#3413 = FACE_OUTER_BOUND ( 'NONE', #1834, .T. ) ;
#3414 = EDGE_LOOP ( 'NONE', ( #2007, #2499, #1325, #2025 ) ) ;
#3415 = ORIENTED_EDGE ( 'NONE', *, *, #877, .F. ) ;
#3416 = EDGE_CURVE ( 'NONE', #1372, #3318, #2040, .T. ) ;
#3417 = ORIENTED_EDGE ( 'NONE', *, *, #2954, .F. ) ;
#3418 = DIRECTION ( 'NONE',  ( 0.000000000000000000, 1.000000000000000000, 0.000000000000000000 ) ) ;
#3419 = CARTESIAN_POINT ( 'NONE',  ( 0.1496062992125984370, 0.02755905511811023584, 0.07480314960629921850 ) ) ;
#3420 = EDGE_CURVE ( 'NONE', #1071, #1987, #706, .T. ) ;
#3421 = ORIENTED_EDGE ( 'NONE', *, *, #1556, .T. ) ;
#3422 = EDGE_CURVE ( 'NONE', #1496, #59, #2240, .T. ) ;
#3423 = ORIENTED_EDGE ( 'NONE', *, *, #2578, .T. ) ;
#3424 = AXIS2_PLACEMENT_3D ( 'NONE', #1369, #2187, #286 ) ;
#3425 = EDGE_CURVE ( 'NONE', #1538, #2345, #3395, .T. ) ;
#3426 = EDGE_CURVE ( 'NONE', #951, #1470, #1547, .T. ) ;
#3427 = LINE ( 'NONE', #937, #225 ) ;
#3428 = CARTESIAN_POINT ( 'NONE',  ( -0.08858267716535433989, 0.1299212598425196763, -0.08858267716535433989 ) ) ;
#3429 = LINE ( 'NONE', #2066, #954 ) ;
#3430 = AXIS2_PLACEMENT_3D ( 'NONE', #3467, #505, #464 ) ;
#3431 = DIRECTION ( 'NONE',  ( 0.000000000000000000, 0.000000000000000000, 1.000000000000000000 ) ) ;
#3432 = DIRECTION ( 'NONE',  ( 1.000000000000000000, 0.000000000000000000, 0.000000000000000000 ) ) ;
#3433 = CARTESIAN_POINT ( 'NONE',  ( 0.1181102362204724532, 0.03937007874015747977, 0.1023622047244094613 ) ) ;
#3434 = EDGE_LOOP ( 'NONE', ( #1602, #402 ) ) ;
#3435 = ORIENTED_EDGE ( 'NONE', *, *, #2405, .T. ) ;
#3436 = EDGE_LOOP ( 'NONE', ( #2036, #1888, #726, #1945 ) ) ;
#3437 = CARTESIAN_POINT ( 'NONE',  ( 0.08858267716535433989, 0.1377952755905511861, 0.08858267716535433989 ) ) ;
#3438 = DIRECTION ( 'NONE',  ( 0.000000000000000000, 0.000000000000000000, 1.000000000000000000 ) ) ;
#3439 = CLOSED_SHELL ( 'NONE', ( #2110, #2971, #1617, #927, #756, #1704, #1123, #3029, #1647, #455, #691, #1330, #3491, #3208, #978, #1096, #2023, #1305, #3096, #2627, #2803, #1503, #1272, #475, #631, #2606, #246, #2641, #881, #3469, #2308, #3128, #3001, #342 ) ) ;
#3440 = ORIENTED_EDGE ( 'NONE', *, *, #2533, .F. ) ;
#3441 = DIRECTION ( 'NONE',  ( -1.000000000000000000, 0.000000000000000000, 0.000000000000000000 ) ) ;
#3442 = AXIS2_PLACEMENT_3D ( 'NONE', #1344, #3508, #1076 ) ;
#3443 = EDGE_LOOP ( 'NONE', ( #2783, #288, #3417, #1726 ) ) ;
#3444 = AXIS2_PLACEMENT_3D ( 'NONE', #2042, #1269, #2867 ) ;
#3445 = DIRECTION ( 'NONE',  ( 0.000000000000000000, -1.000000000000000000, 0.000000000000000000 ) ) ;
#3446 = CARTESIAN_POINT ( 'NONE',  ( -0.1968503937007874127, -0.003937007874015747977, -0.07480314960629921850 ) ) ;
#3447 = ADVANCED_BREP_SHAPE_REPRESENTATION ( 'CUI_DEVICES_TS04-66-70-BK-100-SMT', ( #487, #3012, #1843, #1827, #602, #2829, #1774, #3430 ), #1573 ) ;
#3448 = AXIS2_PLACEMENT_3D ( 'NONE', #95, #1172, #3336 ) ;
#3449 = EDGE_CURVE ( 'NONE', #1372, #849, #966, .T. ) ;
#3450 = AXIS2_PLACEMENT_3D ( 'NONE', #1841, #1064, #3231 ) ;
#3451 = VECTOR ( 'NONE', #3086, 39.37007874015748143 ) ;
#3452 = CYLINDRICAL_SURFACE ( 'NONE', #2272, 0.003937007874015758385 ) ;
#3453 = CARTESIAN_POINT ( 'NONE',  ( 0.1653543307086614567, 0.007874015748031495954, -0.1023622047244094613 ) ) ;
#3454 = EDGE_LOOP ( 'NONE', ( #2275, #1926, #1575, #2922 ) ) ;
#3455 = VERTEX_POINT ( 'NONE', #2582 ) ;
#3456 = EDGE_CURVE ( 'NONE', #1811, #1920, #3356, .T. ) ;
#3457 = AXIS2_PLACEMENT_3D ( 'NONE', #3428, #2576, #190 ) ;
#3458 = ORIENTED_EDGE ( 'NONE', *, *, #2415, .T. ) ;
#3459 = CARTESIAN_POINT ( 'NONE',  ( -0.08858267716535433989, 0.1823374350353732243, 0.08858267716535433989 ) ) ;
#3460 = DIRECTION ( 'NONE',  ( 0.000000000000000000, 0.000000000000000000, 1.000000000000000000 ) ) ;
#3461 = AXIS2_PLACEMENT_3D ( 'NONE', #944, #2618, #1268 ) ;
#3462 = ORIENTED_EDGE ( 'NONE', *, *, #346, .T. ) ;
#3463 = DIRECTION ( 'NONE',  ( 0.000000000000000000, 0.000000000000000000, 1.000000000000000000 ) ) ;
#3464 = ORIENTED_EDGE ( 'NONE', *, *, #838, .T. ) ;
#3465 = DIRECTION ( 'NONE',  ( 0.000000000000000000, -1.000000000000000000, 0.000000000000000000 ) ) ;
#3466 = FACE_OUTER_BOUND ( 'NONE', #2513, .T. ) ;
#3467 = CARTESIAN_POINT ( 'NONE',  ( 0.000000000000000000, 0.000000000000000000, 0.000000000000000000 ) ) ;
#3468 = CARTESIAN_POINT ( 'NONE',  ( 0.08858267716535433989, 0.1823374350353732243, 0.08858267716535433989 ) ) ;
#3469 = ADVANCED_FACE ( 'NONE', ( #2832, #2300 ), #3374, .F. ) ;
#3470 = CARTESIAN_POINT ( 'NONE',  ( 0.1968503937007874127, -0.003937007874015747977, 0.07480314960629921850 ) ) ;
#3471 = ORIENTED_EDGE ( 'NONE', *, *, #2911, .T. ) ;
#3472 = ORIENTED_EDGE ( 'NONE', *, *, #3051, .F. ) ;
#3473 = EDGE_LOOP ( 'NONE', ( #758, #2404, #2333, #90 ) ) ;
#3474 = DIRECTION ( 'NONE',  ( 0.000000000000000000, 0.000000000000000000, 1.000000000000000000 ) ) ;
#3475 = DIRECTION ( 'NONE',  ( 0.000000000000000000, 0.000000000000000000, 1.000000000000000000 ) ) ;
#3476 = CYLINDRICAL_SURFACE ( 'NONE', #2367, 0.005905511811023620231 ) ;
#3477 = CARTESIAN_POINT ( 'NONE',  ( 0.1653543307086614567, 0.003937007874015747977, -0.1023622047244094613 ) ) ;
#3478 = ORIENTED_EDGE ( 'NONE', *, *, #2795, .T. ) ;
#3479 = CARTESIAN_POINT ( 'NONE',  ( 0.000000000000000000, 0.1299212598425196763, 0.000000000000000000 ) ) ;
#3480 = CARTESIAN_POINT ( 'NONE',  ( -0.1181102362204724532, 0.03937007874015747977, 0.07480314960629921850 ) ) ;
#3481 = AXIS2_PLACEMENT_3D ( 'NONE', #1947, #3022, #587 ) ;
#3482 = SECURITY_CLASSIFICATION_LEVEL ( 'unclassified' ) ;
#3483 = DIRECTION ( 'NONE',  ( 0.000000000000000000, 1.000000000000000000, 0.000000000000000000 ) ) ;
#3484 = CARTESIAN_POINT ( 'NONE',  ( -0.08858267716535433989, 0.1377952755905511861, 0.07283464566929134798 ) ) ;
#3485 = ORIENTED_EDGE ( 'NONE', *, *, #302, .F. ) ;
#3486 = ORIENTED_EDGE ( 'NONE', *, *, #2176, .F. ) ;
#3487 = CARTESIAN_POINT ( 'NONE',  ( -0.1122047244094488277, 0.000000000000000000, 0.1181102362204724532 ) ) ;
#3488 = LINE ( 'NONE', #2707, #2973 ) ;
#3489 = FACE_OUTER_BOUND ( 'NONE', #3500, .T. ) ;
#3490 = CARTESIAN_POINT ( 'NONE',  ( -0.1181102362204724532, 0.1377952755905511861, -0.1181102362204724532 ) ) ;
#3491 = ADVANCED_FACE ( 'NONE', ( #397 ), #1487, .T. ) ;
#3492 = CARTESIAN_POINT ( 'NONE',  ( -0.1496062992125984370, 0.02755905511811023584, -0.1023622047244094613 ) ) ;
#3493 = EDGE_LOOP ( 'NONE', ( #2082, #1603, #2304, #876 ) ) ;
#3494 = EDGE_CURVE ( 'NONE', #1245, #146, #3411, .T. ) ;
#3495 = CIRCLE ( 'NONE', #3382, 0.005905511811023620231 ) ;
#3496 = FACE_OUTER_BOUND ( 'NONE', #137, .T. ) ;
#3497 = DIRECTION ( 'NONE',  ( 0.000000000000000000, -1.000000000000000000, 0.000000000000000000 ) ) ;
#3498 = CARTESIAN_POINT ( 'NONE',  ( -0.1181102362204724532, 0.1299212598425196763, -0.1122047244094488277 ) ) ;
#3499 = DIRECTION ( 'NONE',  ( 0.000000000000000000, 1.000000000000000000, 0.000000000000000000 ) ) ;
#3500 = EDGE_LOOP ( 'NONE', ( #1553, #1758, #80, #1219 ) ) ;
#3501 = AXIS2_PLACEMENT_3D ( 'NONE', #1500, #1228, #2316 ) ;
#3502 = EDGE_CURVE ( 'NONE', #10, #2244, #648, .T. ) ;
#3503 = VECTOR ( 'NONE', #134, 39.37007874015748143 ) ;
#3504 = AXIS2_PLACEMENT_3D ( 'NONE', #2570, #3402, #1474 ) ;
#3505 = CARTESIAN_POINT ( 'NONE',  ( 0.1181102362204724532, 0.1299212598425196763, -0.1122047244094488277 ) ) ;
#3506 = LINE ( 'NONE', #539, #30 ) ;
#3507 = DIRECTION ( 'NONE',  ( 0.000000000000000000, 0.000000000000000000, -1.000000000000000000 ) ) ;
#3508 = DIRECTION ( 'NONE',  ( 0.000000000000000000, 0.000000000000000000, -1.000000000000000000 ) ) ;
ENDSEC;
END-ISO-10303-21;
